file,class,type,cbo,cboModified,fanin,fanout,wmc,dit,noc,rfc,lcom,lcom*,tcc,lcc,totalMethodsQty,staticMethodsQty,publicMethodsQty,privateMethodsQty,protectedMethodsQty,defaultMethodsQty,visibleMethodsQty,abstractMethodsQty,finalMethodsQty,synchronizedMethodsQty,totalFieldsQty,staticFieldsQty,publicFieldsQty,privateFieldsQty,protectedFieldsQty,defaultFieldsQty,finalFieldsQty,synchronizedFieldsQty,nosi,loc,returnQty,loopQty,comparisonsQty,tryCatchQty,parenthesizedExpsQty,stringLiteralsQty,numbersQty,assignmentsQty,mathOperationsQty,variablesQty,maxNestedBlocksQty,anonymousClassesQty,innerClassesQty,lambdasQty,uniqueWordsQty,modifiers,logStatementsQty
C:\PROJECTS\design-patterns-master\design-patterns-master\design-patterns\src\com\mkv\design\patterns\singleton\BillPughSingleton.java,com.mkv.design.patterns.singleton.BillPughSingleton$SingletonHelper,innerclass,1,1,0,1,0,1,0,0,0,NaN,-1.0,-1.0,0,0,0,0,0,0,0,0,0,0,1,1,0,1,0,0,1,0,0,3,0,0,0,0,0,0,0,1,0,1,0,0,0,0,11,10,0
C:\PROJECTS\design-patterns-master\design-patterns-master\design-patterns\src\com\mkv\design\patterns\factory\FileLoggerImpl.java,com.mkv.design.patterns.factory.FileLoggerImpl,class,1,2,1,1,1,1,0,1,0,0.0,NaN,NaN,1,0,1,0,0,0,1,0,0,0,0,0,0,0,0,0,0,0,0,5,0,0,0,0,0,1,0,0,0,0,0,0,0,0,7,1,0
C:\PROJECTS\design-patterns-master\design-patterns-master\design-patterns\src\com\mkv\design\patterns\factory\SimpleFactory.java,com.mkv.design.patterns.factory.CarFactory,class,4,5,1,4,3,1,0,0,0,0.0,NaN,NaN,1,0,1,0,0,0,1,0,0,0,0,0,0,0,0,0,0,0,0,12,3,0,0,0,0,0,0,0,0,0,1,0,0,0,9,0,0
C:\PROJECTS\design-patterns-master\design-patterns-master\design-patterns\src\com\mkv\design\patterns\singleton\EarlyInitializationSingleton.java,com.mkv.design.patterns.singleton.EarlyInitializationSingleton,class,1,3,2,1,2,1,0,0,1,0.5,NaN,NaN,2,1,1,1,0,0,1,0,0,0,1,1,0,1,0,0,1,0,0,8,1,0,0,0,0,0,0,1,0,1,0,0,0,0,6,1,0
C:\PROJECTS\design-patterns-master\design-patterns-master\design-patterns\src\com\mkv\design\patterns\singleton\SingletonDesignPatternMain.java,com.mkv.design.patterns.singleton.SingletonDesignPatternMain,class,3,3,0,3,1,1,0,5,0,0.0,NaN,NaN,1,1,1,0,0,0,1,0,0,0,0,0,0,0,0,0,0,0,4,12,0,0,0,0,0,0,0,4,0,4,0,0,0,0,15,1,0
C:\PROJECTS\design-patterns-master\design-patterns-master\design-patterns\src\com\mkv\design\patterns\factory\Drivable.java,com.mkv.design.patterns.factory.Drivable,interface,0,4,4,0,1,1,0,0,0,0.0,NaN,NaN,1,0,1,0,0,0,1,0,0,0,0,0,0,0,0,0,0,0,0,3,0,0,0,0,0,0,0,0,0,0,0,0,0,0,3,1,0
C:\PROJECTS\design-patterns-master\design-patterns-master\design-patterns\src\com\mkv\design\patterns\factory\StaticFactoryMethod.java,com.mkv.design.patterns.factory.MyClass,class,1,3,2,1,2,1,0,0,0,0.0,1.0,1.0,2,1,2,0,0,0,2,0,0,0,2,0,0,0,0,2,0,0,0,11,1,0,0,0,0,0,0,2,0,2,0,0,0,0,6,0,0
C:\PROJECTS\design-patterns-master\design-patterns-master\design-patterns\src\com\mkv\design\patterns\singleton\BillPughSingleton.java,com.mkv.design.patterns.singleton.BillPughSingleton,class,1,4,3,1,2,1,0,0,1,0.0,NaN,NaN,2,1,1,1,0,0,1,0,0,0,0,0,0,0,0,0,0,0,0,10,1,0,0,0,0,0,0,0,0,0,0,0,1,0,5,1,0
C:\PROJECTS\design-patterns-master\design-patterns-master\design-patterns\src\com\mkv\design\patterns\factory\FactoryDesignPattern.java,com.mkv.design.patterns.factory.FactoryDesignPattern,class,3,3,0,3,1,1,0,2,0,0.0,NaN,NaN,1,1,1,0,0,0,1,0,0,0,0,0,0,0,0,0,0,0,0,7,0,0,0,0,0,1,0,2,0,2,0,0,0,0,14,1,0
C:\PROJECTS\design-patterns-master\design-patterns-master\design-patterns\src\com\mkv\design\patterns\factory\LoggerCreator.java,com.mkv.design.patterns.factory.LoggerCreator,class,2,5,3,2,2,1,1,1,1,0.0,0.0,0.0,2,0,2,0,0,0,2,1,0,0,0,0,0,0,0,0,0,0,0,7,1,0,0,0,0,0,0,1,0,1,0,0,0,0,6,1025,0
C:\PROJECTS\design-patterns-master\design-patterns-master\design-patterns\src\com\mkv\design\patterns\singleton\LazyInitializationSingleton.java,com.mkv.design.patterns.singleton.LazyInitializationSingleton,class,1,3,2,1,6,1,0,0,1,0.33333334,1.0,1.0,3,2,2,1,0,0,2,0,0,0,1,1,1,0,0,0,0,0,0,21,2,0,3,0,0,0,0,2,0,1,3,0,0,0,9,1,0
C:\PROJECTS\design-patterns-master\design-patterns-master\design-patterns\src\com\mkv\design\patterns\factory\SimpleFactory.java,com.mkv.design.patterns.factory.SimpleFactory,class,2,2,0,2,1,1,0,2,0,0.0,NaN,NaN,1,1,1,0,0,0,1,0,0,0,0,0,0,0,0,0,0,0,0,9,0,0,0,0,0,0,0,3,0,3,0,0,0,0,9,1,0
C:\PROJECTS\design-patterns-master\design-patterns-master\design-patterns\src\com\mkv\design\patterns\factory\SimpleFactory.java,com.mkv.design.patterns.factory.Car,enum,0,1,1,0,0,1,0,0,0,0.0,-1.0,-1.0,0,0,0,0,0,0,0,0,0,0,0,0,0,0,0,0,0,0,0,1,0,0,0,0,0,0,0,0,0,0,0,0,0,0,9,0,0
C:\PROJECTS\design-patterns-master\design-patterns-master\design-patterns\src\com\mkv\design\patterns\factory\FileLoggerCreater.java,com.mkv.design.patterns.factory.FileLoggerCreater,class,3,4,1,3,1,2,0,0,0,0.0,NaN,NaN,1,0,1,0,0,0,1,0,0,0,0,0,0,0,0,0,0,0,0,5,1,0,0,0,0,0,0,0,0,0,0,0,0,0,7,1,0
C:\PROJECTS\design-patterns-master\design-patterns-master\design-patterns\src\com\mkv\design\patterns\factory\SimpleFactory.java,com.mkv.design.patterns.factory.Mustang,class,1,2,1,1,1,1,0,1,0,0.0,NaN,NaN,1,0,1,0,0,0,1,0,0,0,0,0,0,0,0,0,0,0,0,5,0,0,0,0,0,1,0,0,0,0,0,0,0,0,3,0,0
C:\PROJECTS\design-patterns-master\design-patterns-master\design-patterns\src\com\mkv\design\patterns\factory\SimpleFactory.java,com.mkv.design.patterns.factory.Ferrari,class,1,2,1,1,1,1,0,1,0,0.0,NaN,NaN,1,0,1,0,0,0,1,0,0,0,0,0,0,0,0,0,0,0,0,5,0,0,0,0,0,1,0,0,0,0,0,0,0,0,3,0,0
C:\PROJECTS\design-patterns-master\design-patterns-master\design-patterns\src\com\mkv\design\patterns\factory\StaticFactoryMethod.java,com.mkv.design.patterns.factory.StaticFactoryMethod,class,1,1,0,1,1,1,0,2,0,0.0,NaN,NaN,1,1,1,0,0,0,1,0,0,0,0,0,0,0,0,0,0,0,1,8,0,0,0,0,0,0,4,2,0,2,0,0,0,0,9,1,0
C:\PROJECTS\design-patterns-master\design-patterns-master\design-patterns\src\com\mkv\design\patterns\factory\ILogger.java,com.mkv.design.patterns.factory.ILogger,interface,0,4,4,0,1,1,0,0,0,0.0,NaN,NaN,1,0,1,0,0,0,1,0,0,0,0,0,0,0,0,0,0,0,0,3,0,0,0,0,0,0,0,0,0,0,0,0,0,0,4,1,0
