file,class,method,variable,usage
C:\PROJECTS\design-patterns-master\design-patterns-master\design-patterns\src\com\mkv\design\patterns\singleton\EarlyInitializationSingleton.java,com.mkv.design.patterns.singleton.EarlyInitializationSingleton,getInstance/0,instance,1
C:\PROJECTS\design-patterns-master\design-patterns-master\design-patterns\src\com\mkv\design\patterns\factory\StaticFactoryMethod.java,com.mkv.design.patterns.factory.MyClass,"MyClass/2[int,int]",a,3
C:\PROJECTS\design-patterns-master\design-patterns-master\design-patterns\src\com\mkv\design\patterns\factory\StaticFactoryMethod.java,com.mkv.design.patterns.factory.MyClass,"MyClass/2[int,int]",b,3
C:\PROJECTS\design-patterns-master\design-patterns-master\design-patterns\src\com\mkv\design\patterns\factory\StaticFactoryMethod.java,com.mkv.design.patterns.factory.MyClass,"getInstance/2[int,int]",a,2
C:\PROJECTS\design-patterns-master\design-patterns-master\design-patterns\src\com\mkv\design\patterns\factory\StaticFactoryMethod.java,com.mkv.design.patterns.factory.MyClass,"getInstance/2[int,int]",b,2
C:\PROJECTS\design-patterns-master\design-patterns-master\design-patterns\src\com\mkv\design\patterns\singleton\LazyInitializationSingleton.java,com.mkv.design.patterns.singleton.LazyInitializationSingleton,getInstance/0,instance,3
C:\PROJECTS\design-patterns-master\design-patterns-master\design-patterns\src\com\mkv\design\patterns\singleton\LazyInitializationSingleton.java,com.mkv.design.patterns.singleton.LazyInitializationSingleton,getInstanceDoubleLocking/0,instance,4
