file,class,type,cbo,cboModified,fanin,fanout,wmc,dit,noc,rfc,lcom,lcom*,tcc,lcc,totalMethodsQty,staticMethodsQty,publicMethodsQty,privateMethodsQty,protectedMethodsQty,defaultMethodsQty,visibleMethodsQty,abstractMethodsQty,finalMethodsQty,synchronizedMethodsQty,totalFieldsQty,staticFieldsQty,publicFieldsQty,privateFieldsQty,protectedFieldsQty,defaultFieldsQty,finalFieldsQty,synchronizedFieldsQty,nosi,loc,returnQty,loopQty,comparisonsQty,tryCatchQty,parenthesizedExpsQty,stringLiteralsQty,numbersQty,assignmentsQty,mathOperationsQty,variablesQty,maxNestedBlocksQty,anonymousClassesQty,innerClassesQty,lambdasQty,uniqueWordsQty,modifiers,logStatementsQty
C:\PROJECTS\Greenhouse-Control-System-Java-Design-Patterns-master\Greenhouse-Control-System-Java-Design-Patterns-master\AverageTemperatureSensor.java,AverageTemperatureSensor,class,8,9,1,8,2,1,0,4,1,0.5,0.0,0.0,2,0,2,0,0,0,2,0,0,0,1,1,0,0,0,1,1,0,0,16,1,0,0,0,0,4,0,5,0,5,0,0,0,0,31,1,0
C:\PROJECTS\Greenhouse-Control-System-Java-Design-Patterns-master\Greenhouse-Control-System-Java-Design-Patterns-master\StartDarknessCommand.java,StartDarknessCommand,class,2,5,3,2,2,1,0,2,0,0.0,1.0,1.0,2,0,2,0,0,0,2,0,0,0,1,0,0,0,0,1,0,0,0,11,0,0,0,0,0,1,0,1,0,1,0,0,0,0,11,1,0
C:\PROJECTS\Greenhouse-Control-System-Java-Design-Patterns-master\Greenhouse-Control-System-Java-Design-Patterns-master\StopDarknessCommand.java,StopDarknessCommand,class,2,3,1,2,2,1,0,2,0,0.0,1.0,1.0,2,0,2,0,0,0,2,0,0,0,1,0,0,0,0,1,0,0,0,11,0,0,0,0,0,1,0,1,0,1,0,0,0,0,11,1,0
C:\PROJECTS\Greenhouse-Control-System-Java-Design-Patterns-master\Greenhouse-Control-System-Java-Design-Patterns-master\BestTemperatureSensor.java,BestTemperatureSensor,class,8,9,1,8,2,1,0,4,1,0.5,0.0,0.0,2,0,2,0,0,0,2,0,0,0,1,1,0,0,0,1,1,0,0,16,1,0,0,0,0,4,0,5,0,5,0,0,0,0,31,1,0
C:\PROJECTS\Greenhouse-Control-System-Java-Design-Patterns-master\Greenhouse-Control-System-Java-Design-Patterns-master\CheapHumiditySensor.java,CheapHumiditySensor,class,9,10,1,9,2,1,0,4,1,0.5,0.0,0.0,2,0,2,0,0,0,2,0,0,0,1,1,0,0,0,1,1,0,0,16,1,0,0,0,0,4,0,5,0,5,0,0,0,0,31,1,0
C:\PROJECTS\Greenhouse-Control-System-Java-Design-Patterns-master\Greenhouse-Control-System-Java-Design-Patterns-master\CoolingSystem.java,CoolingSystem,class,0,9,9,0,2,1,0,1,1,0.0,0.0,0.0,2,0,0,0,0,2,2,0,0,0,0,0,0,0,0,0,0,0,0,8,0,0,0,0,0,2,0,0,0,0,0,0,0,0,7,1,0
C:\PROJECTS\Greenhouse-Control-System-Java-Design-Patterns-master\Greenhouse-Control-System-Java-Design-Patterns-master\Message.java,Message,interface,0,12,12,0,1,1,0,0,0,0.0,NaN,NaN,1,0,0,0,0,1,1,0,0,0,0,0,0,0,0,0,0,0,0,3,0,0,0,0,0,0,0,0,0,0,0,0,0,0,5,1,0
C:\PROJECTS\Greenhouse-Control-System-Java-Design-Patterns-master\Greenhouse-Control-System-Java-Design-Patterns-master\ExecutiveObject.java,ExecutiveObject,class,1,12,11,1,3,1,0,1,3,0.6666667,0.0,0.0,3,1,2,0,0,1,3,0,0,0,1,1,0,1,0,0,0,0,0,11,1,0,0,0,0,1,0,0,1,1,0,0,0,0,10,1,0
C:\PROJECTS\Greenhouse-Control-System-Java-Design-Patterns-master\Greenhouse-Control-System-Java-Design-Patterns-master\SensorAlarm.java,SensorAlarm,interface,0,11,11,0,1,1,0,0,0,0.0,NaN,NaN,1,0,0,0,0,1,1,0,0,0,0,0,0,0,0,0,0,0,0,3,0,0,0,0,0,0,0,0,0,0,0,0,0,0,5,1,0
C:\PROJECTS\Greenhouse-Control-System-Java-Design-Patterns-master\Greenhouse-Control-System-Java-Design-Patterns-master\GreenhouseControlRemote.java,GreenhouseControlRemote,class,1,2,1,1,2,1,0,1,0,0.0,1.0,1.0,2,0,2,0,0,0,2,0,0,0,1,0,0,0,0,1,0,0,0,9,0,0,0,0,0,0,0,1,0,1,0,0,0,0,10,1,0
C:\PROJECTS\Greenhouse-Control-System-Java-Design-Patterns-master\Greenhouse-Control-System-Java-Design-Patterns-master\BestBrand.java,BestBrand,class,7,8,1,7,3,1,0,0,3,0.0,0.0,0.0,3,0,3,0,0,0,3,0,0,0,0,0,0,0,0,0,0,0,0,11,3,0,0,0,0,0,0,0,0,0,0,0,0,0,9,1,0
C:\PROJECTS\Greenhouse-Control-System-Java-Design-Patterns-master\Greenhouse-Control-System-Java-Design-Patterns-master\CheapBrand.java,CheapBrand,class,7,7,0,7,3,1,0,0,3,0.0,0.0,0.0,3,0,3,0,0,0,3,0,0,0,0,0,0,0,0,0,0,0,0,11,3,0,0,0,0,0,0,0,0,0,0,0,0,0,9,1,0
C:\PROJECTS\Greenhouse-Control-System-Java-Design-Patterns-master\Greenhouse-Control-System-Java-Design-Patterns-master\AverageBrand.java,AverageBrand,class,7,7,0,7,3,1,0,0,3,0.0,0.0,0.0,3,0,3,0,0,0,3,0,0,0,0,0,0,0,0,0,0,0,0,11,3,0,0,0,0,0,0,0,0,0,0,0,0,0,9,1,0
C:\PROJECTS\Greenhouse-Control-System-Java-Design-Patterns-master\Greenhouse-Control-System-Java-Design-Patterns-master\DarknessSystem.java,DarknessSystem,class,0,6,6,0,2,1,0,1,1,0.0,0.0,0.0,2,0,0,0,0,2,2,0,0,0,0,0,0,0,0,0,0,0,0,8,0,0,0,0,0,2,0,0,0,0,0,0,0,0,7,1,0
C:\PROJECTS\Greenhouse-Control-System-Java-Design-Patterns-master\Greenhouse-Control-System-Java-Design-Patterns-master\TemperatureMessage.java,TemperatureMessage,class,0,4,4,0,1,1,0,1,0,0.0,NaN,NaN,1,0,1,0,0,0,1,0,0,0,0,0,0,0,0,0,0,0,0,5,0,0,0,0,0,1,0,0,1,0,0,0,0,0,8,1,0
C:\PROJECTS\Greenhouse-Control-System-Java-Design-Patterns-master\Greenhouse-Control-System-Java-Design-Patterns-master\HumiditySensor.java,HumiditySensor,interface,0,8,8,0,1,1,0,0,0,0.0,NaN,NaN,1,0,0,0,0,1,1,0,0,0,0,0,0,0,0,0,0,0,0,3,0,0,0,0,0,0,0,0,0,0,0,0,0,0,6,1,0
C:\PROJECTS\Greenhouse-Control-System-Java-Design-Patterns-master\Greenhouse-Control-System-Java-Design-Patterns-master\AverageHumiditySensor.java,AverageHumiditySensor,class,9,10,1,9,2,1,0,4,1,0.5,0.0,0.0,2,0,2,0,0,0,2,0,0,0,1,1,0,0,0,1,1,0,0,16,1,0,0,0,0,4,0,5,0,5,0,0,0,0,32,1,0
C:\PROJECTS\Greenhouse-Control-System-Java-Design-Patterns-master\Greenhouse-Control-System-Java-Design-Patterns-master\AverageLightSensor.java,AverageLightSensor,class,9,10,1,9,2,1,0,4,1,0.5,0.0,0.0,2,0,2,0,0,0,2,0,0,0,1,1,0,0,0,1,1,0,0,16,1,0,0,0,0,4,0,5,0,5,0,0,0,0,39,1,0
C:\PROJECTS\Greenhouse-Control-System-Java-Design-Patterns-master\Greenhouse-Control-System-Java-Design-Patterns-master\BestLightSensor.java,BestLightSensor,class,9,10,1,9,2,1,0,4,1,0.5,0.0,0.0,2,0,2,0,0,0,2,0,0,0,1,1,0,0,0,1,1,0,0,16,1,0,0,0,0,4,0,5,0,5,0,0,0,0,38,1,0
C:\PROJECTS\Greenhouse-Control-System-Java-Design-Patterns-master\Greenhouse-Control-System-Java-Design-Patterns-master\SensorSystem.java,SensorSystem,class,1,2,1,1,3,1,0,5,0,0.0,1.0,1.0,2,0,2,0,0,0,2,0,0,0,1,0,0,1,0,0,0,0,0,11,0,1,0,0,1,0,0,2,0,2,1,0,0,0,13,1,0
C:\PROJECTS\Greenhouse-Control-System-Java-Design-Patterns-master\Greenhouse-Control-System-Java-Design-Patterns-master\LightMessageAdapter.java,LightMessageAdapter,class,2,5,3,2,2,1,0,1,1,0.5,0.0,0.0,2,0,2,0,0,0,2,0,0,0,1,0,0,1,0,0,0,0,0,9,0,0,0,0,0,1,0,1,1,1,0,0,0,0,10,1,0
C:\PROJECTS\Greenhouse-Control-System-Java-Design-Patterns-master\Greenhouse-Control-System-Java-Design-Patterns-master\TemperatureMessageAdapter.java,TemperatureMessageAdapter,class,2,5,3,2,2,1,0,1,1,0.5,0.0,0.0,2,0,2,0,0,0,2,0,0,0,1,0,0,1,0,0,0,0,0,9,0,0,0,0,0,1,0,1,1,1,0,0,0,0,10,1,0
C:\PROJECTS\Greenhouse-Control-System-Java-Design-Patterns-master\Greenhouse-Control-System-Java-Design-Patterns-master\SensorBrand.java,SensorBrand,interface,3,7,4,3,3,1,0,0,3,0.0,0.0,0.0,3,0,0,0,0,3,3,0,0,0,0,0,0,0,0,0,0,0,0,5,0,0,0,0,0,0,0,0,0,0,0,0,0,0,8,1,0
C:\PROJECTS\Greenhouse-Control-System-Java-Design-Patterns-master\Greenhouse-Control-System-Java-Design-Patterns-master\CheapLightSensor.java,CheapLightSensor,class,9,10,1,9,2,1,0,4,1,0.5,0.0,0.0,2,0,2,0,0,0,2,0,0,0,1,1,0,0,0,1,1,0,0,16,1,0,0,0,0,4,0,5,0,5,0,0,0,0,38,1,0
C:\PROJECTS\Greenhouse-Control-System-Java-Design-Patterns-master\Greenhouse-Control-System-Java-Design-Patterns-master\LightSensor.java,LightSensor,interface,0,8,8,0,1,1,0,0,0,0.0,NaN,NaN,1,0,0,0,0,1,1,0,0,0,0,0,0,0,0,0,0,0,0,3,0,0,0,0,0,0,0,0,0,0,0,0,0,0,6,1,0
C:\PROJECTS\Greenhouse-Control-System-Java-Design-Patterns-master\Greenhouse-Control-System-Java-Design-Patterns-master\TemperatureSensor.java,TemperatureSensor,interface,0,14,14,0,1,1,0,0,0,0.0,NaN,NaN,1,0,0,0,0,1,1,0,0,0,0,0,0,0,0,0,0,0,0,3,0,0,0,0,0,0,0,0,0,0,0,0,0,0,6,1,0
C:\PROJECTS\Greenhouse-Control-System-Java-Design-Patterns-master\Greenhouse-Control-System-Java-Design-Patterns-master\StopCoolingSystemCommand.java,StopCoolingSystemCommand,class,2,3,1,2,2,1,0,2,0,0.0,1.0,1.0,2,0,2,0,0,0,2,0,0,0,1,0,0,0,0,1,0,0,0,11,0,0,0,0,0,1,0,1,0,1,0,0,0,0,9,1,0
C:\PROJECTS\Greenhouse-Control-System-Java-Design-Patterns-master\Greenhouse-Control-System-Java-Design-Patterns-master\StartCoolingSystemCommand.java,StartCoolingSystemCommand,class,2,8,6,2,2,1,0,2,0,0.0,1.0,1.0,2,0,2,0,0,0,2,0,0,0,1,0,0,0,0,1,0,0,0,11,0,0,0,0,0,1,0,1,0,1,0,0,0,0,9,1,0
C:\PROJECTS\Greenhouse-Control-System-Java-Design-Patterns-master\Greenhouse-Control-System-Java-Design-Patterns-master\Command.java,Command,interface,0,5,5,0,1,1,0,0,0,0.0,NaN,NaN,1,0,1,0,0,0,1,0,0,0,0,0,0,0,0,0,0,0,0,3,0,0,0,0,0,0,0,0,0,0,0,0,0,0,4,1,0
C:\PROJECTS\Greenhouse-Control-System-Java-Design-Patterns-master\Greenhouse-Control-System-Java-Design-Patterns-master\HumidityMessageAdapter.java,HumidityMessageAdapter,class,2,5,3,2,2,1,0,1,1,0.5,0.0,0.0,2,0,2,0,0,0,2,0,0,0,1,0,0,1,0,0,0,0,0,9,0,0,0,0,0,1,0,1,1,1,0,0,0,0,10,1,0
C:\PROJECTS\Greenhouse-Control-System-Java-Design-Patterns-master\Greenhouse-Control-System-Java-Design-Patterns-master\HumidityMessage.java,HumidityMessage,class,0,4,4,0,1,1,0,1,0,0.0,NaN,NaN,1,0,1,0,0,0,1,0,0,0,0,0,0,0,0,0,0,0,0,5,0,0,0,0,0,1,0,0,1,0,0,0,0,0,8,1,0
C:\PROJECTS\Greenhouse-Control-System-Java-Design-Patterns-master\Greenhouse-Control-System-Java-Design-Patterns-master\BestHumiditySensor.java,BestHumiditySensor,class,9,10,1,9,2,1,0,4,1,0.5,0.0,0.0,2,0,2,0,0,0,2,0,0,0,1,1,0,0,0,1,1,0,0,16,1,0,0,0,0,4,0,5,0,5,0,0,0,0,31,1,0
C:\PROJECTS\Greenhouse-Control-System-Java-Design-Patterns-master\Greenhouse-Control-System-Java-Design-Patterns-master\MainProject.java,MainProject,class,13,13,0,13,1,1,0,8,0,0.0,NaN,NaN,1,1,1,0,0,0,1,0,0,0,0,0,0,0,0,0,0,0,1,22,0,0,0,0,0,0,0,9,0,9,0,0,0,0,33,1,0
C:\PROJECTS\Greenhouse-Control-System-Java-Design-Patterns-master\Greenhouse-Control-System-Java-Design-Patterns-master\LightMessage.java,LightMessage,class,0,4,4,0,1,1,0,1,0,0.0,NaN,NaN,1,0,1,0,0,0,1,0,0,0,0,0,0,0,0,0,0,0,0,5,0,0,0,0,0,1,0,0,1,0,0,0,0,0,8,1,0
C:\PROJECTS\Greenhouse-Control-System-Java-Design-Patterns-master\Greenhouse-Control-System-Java-Design-Patterns-master\CheapTemperatureSensor.java,CheapTemperatureSensor,class,8,9,1,8,2,1,0,4,1,0.5,0.0,0.0,2,0,2,0,0,0,2,0,0,0,1,1,0,0,0,1,1,0,0,16,1,0,0,0,0,4,0,5,0,5,0,0,0,0,31,1,0
