file,class,method,variable,usage
C:\PROJECTS\Greenhouse-Control-System-Java-Design-Patterns-master\Greenhouse-Control-System-Java-Design-Patterns-master\AverageTemperatureSensor.java,AverageTemperatureSensor,getDescription/0,description,1
C:\PROJECTS\Greenhouse-Control-System-Java-Design-Patterns-master\Greenhouse-Control-System-Java-Design-Patterns-master\StartDarknessCommand.java,StartDarknessCommand,execute/0,alarm,1
C:\PROJECTS\Greenhouse-Control-System-Java-Design-Patterns-master\Greenhouse-Control-System-Java-Design-Patterns-master\StartDarknessCommand.java,StartDarknessCommand,StartDarknessCommand/1[DarknessSystem],alarm,3
C:\PROJECTS\Greenhouse-Control-System-Java-Design-Patterns-master\Greenhouse-Control-System-Java-Design-Patterns-master\StopDarknessCommand.java,StopDarknessCommand,execute/0,alarm,1
C:\PROJECTS\Greenhouse-Control-System-Java-Design-Patterns-master\Greenhouse-Control-System-Java-Design-Patterns-master\StopDarknessCommand.java,StopDarknessCommand,StopDarknessCommand/1[DarknessSystem],alarm,3
C:\PROJECTS\Greenhouse-Control-System-Java-Design-Patterns-master\Greenhouse-Control-System-Java-Design-Patterns-master\BestTemperatureSensor.java,BestTemperatureSensor,getDescription/0,description,1
C:\PROJECTS\Greenhouse-Control-System-Java-Design-Patterns-master\Greenhouse-Control-System-Java-Design-Patterns-master\CheapHumiditySensor.java,CheapHumiditySensor,getDescription/0,description,1
C:\PROJECTS\Greenhouse-Control-System-Java-Design-Patterns-master\Greenhouse-Control-System-Java-Design-Patterns-master\ExecutiveObject.java,ExecutiveObject,getInstance/0,instance,1
C:\PROJECTS\Greenhouse-Control-System-Java-Design-Patterns-master\Greenhouse-Control-System-Java-Design-Patterns-master\GreenhouseControlRemote.java,GreenhouseControlRemote,setCommand/1[Command],command,3
C:\PROJECTS\Greenhouse-Control-System-Java-Design-Patterns-master\Greenhouse-Control-System-Java-Design-Patterns-master\GreenhouseControlRemote.java,GreenhouseControlRemote,buttonPressed/0,command,1
C:\PROJECTS\Greenhouse-Control-System-Java-Design-Patterns-master\Greenhouse-Control-System-Java-Design-Patterns-master\AverageHumiditySensor.java,AverageHumiditySensor,getDescription/0,description,1
C:\PROJECTS\Greenhouse-Control-System-Java-Design-Patterns-master\Greenhouse-Control-System-Java-Design-Patterns-master\AverageLightSensor.java,AverageLightSensor,getDescription/0,description,1
C:\PROJECTS\Greenhouse-Control-System-Java-Design-Patterns-master\Greenhouse-Control-System-Java-Design-Patterns-master\BestLightSensor.java,BestLightSensor,getDescription/0,description,1
C:\PROJECTS\Greenhouse-Control-System-Java-Design-Patterns-master\Greenhouse-Control-System-Java-Design-Patterns-master\SensorSystem.java,SensorSystem,notifyFarmers/0,farmers,1
C:\PROJECTS\Greenhouse-Control-System-Java-Design-Patterns-master\Greenhouse-Control-System-Java-Design-Patterns-master\SensorSystem.java,SensorSystem,register/1[SensorAlarm],farmers,1
C:\PROJECTS\Greenhouse-Control-System-Java-Design-Patterns-master\Greenhouse-Control-System-Java-Design-Patterns-master\LightMessageAdapter.java,LightMessageAdapter,LightMessageAdapter/1[LightMessage],adaptee,1
C:\PROJECTS\Greenhouse-Control-System-Java-Design-Patterns-master\Greenhouse-Control-System-Java-Design-Patterns-master\TemperatureMessageAdapter.java,TemperatureMessageAdapter,TemperatureMessageAdapter/1[TemperatureMessage],adaptee,1
C:\PROJECTS\Greenhouse-Control-System-Java-Design-Patterns-master\Greenhouse-Control-System-Java-Design-Patterns-master\CheapLightSensor.java,CheapLightSensor,getDescription/0,description,1
C:\PROJECTS\Greenhouse-Control-System-Java-Design-Patterns-master\Greenhouse-Control-System-Java-Design-Patterns-master\StopCoolingSystemCommand.java,StopCoolingSystemCommand,execute/0,alarm,1
C:\PROJECTS\Greenhouse-Control-System-Java-Design-Patterns-master\Greenhouse-Control-System-Java-Design-Patterns-master\StopCoolingSystemCommand.java,StopCoolingSystemCommand,StopCoolingSystemCommand/1[CoolingSystem],alarm,3
C:\PROJECTS\Greenhouse-Control-System-Java-Design-Patterns-master\Greenhouse-Control-System-Java-Design-Patterns-master\StartCoolingSystemCommand.java,StartCoolingSystemCommand,execute/0,alarm,1
C:\PROJECTS\Greenhouse-Control-System-Java-Design-Patterns-master\Greenhouse-Control-System-Java-Design-Patterns-master\StartCoolingSystemCommand.java,StartCoolingSystemCommand,StartCoolingSystemCommand/1[CoolingSystem],alarm,3
C:\PROJECTS\Greenhouse-Control-System-Java-Design-Patterns-master\Greenhouse-Control-System-Java-Design-Patterns-master\HumidityMessageAdapter.java,HumidityMessageAdapter,HumidityMessageAdapter/1[HumidityMessage],adaptee,1
C:\PROJECTS\Greenhouse-Control-System-Java-Design-Patterns-master\Greenhouse-Control-System-Java-Design-Patterns-master\BestHumiditySensor.java,BestHumiditySensor,getDescription/0,description,1
C:\PROJECTS\Greenhouse-Control-System-Java-Design-Patterns-master\Greenhouse-Control-System-Java-Design-Patterns-master\CheapTemperatureSensor.java,CheapTemperatureSensor,getDescription/0,description,1
