file,class,method,variable,usage
C:\PROJECTS\Virtual-Coffee-Shop-master\Virtual-Coffee-Shop-master\GUIusingJavaFXinIntellij\src\sample\Milk.java,sample.Milk,Milk/1[sample.Coffee],coffee,3
C:\PROJECTS\Virtual-Coffee-Shop-master\Virtual-Coffee-Shop-master\GUIusingJavaFXinIntellij\src\sample\Milk.java,sample.Milk,cost/0,coffee,1
C:\PROJECTS\Virtual-Coffee-Shop-master\Virtual-Coffee-Shop-master\GUIusingJavaFXinIntellij\src\sample\Milk.java,sample.Milk,getDescription/0,coffee,1
C:\PROJECTS\Virtual-Coffee-Shop-master\Virtual-Coffee-Shop-master\FinalBillIterator.java,FinalBillIterator,hasNext/0,pos,1
C:\PROJECTS\Virtual-Coffee-Shop-master\Virtual-Coffee-Shop-master\FinalBillIterator.java,FinalBillIterator,next/0,pos,1
C:\PROJECTS\Virtual-Coffee-Shop-master\Virtual-Coffee-Shop-master\FinalBillIterator.java,FinalBillIterator,remove/0,pos,2
C:\PROJECTS\Virtual-Coffee-Shop-master\Virtual-Coffee-Shop-master\FinalBillIterator.java,FinalBillIterator,FinalBillIterator/0,finalOrder,1
C:\PROJECTS\Virtual-Coffee-Shop-master\Virtual-Coffee-Shop-master\GUIusingJavaFXinIntellij\src\sample\Caramel.java,sample.Caramel,Caramel/1[sample.Coffee],coffee,3
C:\PROJECTS\Virtual-Coffee-Shop-master\Virtual-Coffee-Shop-master\GUIusingJavaFXinIntellij\src\sample\Caramel.java,sample.Caramel,getDescription/0,coffee,1
C:\PROJECTS\Virtual-Coffee-Shop-master\Virtual-Coffee-Shop-master\GUIusingJavaFXinIntellij\src\sample\Caramel.java,sample.Caramel,cost/0,coffee,1
C:\PROJECTS\Virtual-Coffee-Shop-master\Virtual-Coffee-Shop-master\FinalOrder.java,FinalOrder,clear/0,FinalBill,1
C:\PROJECTS\Virtual-Coffee-Shop-master\Virtual-Coffee-Shop-master\FinalOrder.java,FinalOrder,orderQuantity/0,FinalBill,1
C:\PROJECTS\Virtual-Coffee-Shop-master\Virtual-Coffee-Shop-master\FinalOrder.java,FinalOrder,addToList/1[Coffee],FinalBill,1
C:\PROJECTS\Virtual-Coffee-Shop-master\Virtual-Coffee-Shop-master\Cream.java,Cream,Cream/1[Coffee],coffee,3
C:\PROJECTS\Virtual-Coffee-Shop-master\Virtual-Coffee-Shop-master\Cream.java,Cream,cost/0,coffee,1
C:\PROJECTS\Virtual-Coffee-Shop-master\Virtual-Coffee-Shop-master\Cream.java,Cream,getDescription/0,coffee,1
C:\PROJECTS\Virtual-Coffee-Shop-master\Virtual-Coffee-Shop-master\GUIusingJavaFXinIntellij\src\FinalOrder.java,sample.FinalOrder,orderQuantity/0,FinalBill,1
C:\PROJECTS\Virtual-Coffee-Shop-master\Virtual-Coffee-Shop-master\GUIusingJavaFXinIntellij\src\FinalOrder.java,sample.FinalOrder,clear/0,FinalBill,1
C:\PROJECTS\Virtual-Coffee-Shop-master\Virtual-Coffee-Shop-master\GUIusingJavaFXinIntellij\src\FinalOrder.java,sample.FinalOrder,addToList/1[sample.Coffee],FinalBill,1
C:\PROJECTS\Virtual-Coffee-Shop-master\Virtual-Coffee-Shop-master\Coffee.java,Coffee,getDescription/0,description,1
C:\PROJECTS\Virtual-Coffee-Shop-master\Virtual-Coffee-Shop-master\GUIusingJavaFXinIntellij\src\sample\Controller.java,sample.Controller,"initialize/2[java.net.URL,java.util.ResourceBundle]",bill_view,2
C:\PROJECTS\Virtual-Coffee-Shop-master\Virtual-Coffee-Shop-master\GUIusingJavaFXinIntellij\src\sample\Controller.java,sample.Controller,"initialize/2[java.net.URL,java.util.ResourceBundle]",milk_btn,1
C:\PROJECTS\Virtual-Coffee-Shop-master\Virtual-Coffee-Shop-master\GUIusingJavaFXinIntellij\src\sample\Controller.java,sample.Controller,"initialize/2[java.net.URL,java.util.ResourceBundle]",test,11
C:\PROJECTS\Virtual-Coffee-Shop-master\Virtual-Coffee-Shop-master\GUIusingJavaFXinIntellij\src\sample\Controller.java,sample.Controller,"initialize/2[java.net.URL,java.util.ResourceBundle]",yess,1
C:\PROJECTS\Virtual-Coffee-Shop-master\Virtual-Coffee-Shop-master\GUIusingJavaFXinIntellij\src\sample\Controller.java,sample.Controller,"initialize/2[java.net.URL,java.util.ResourceBundle]",filter_btn,1
C:\PROJECTS\Virtual-Coffee-Shop-master\Virtual-Coffee-Shop-master\GUIusingJavaFXinIntellij\src\sample\Controller.java,sample.Controller,"initialize/2[java.net.URL,java.util.ResourceBundle]",lview,2
C:\PROJECTS\Virtual-Coffee-Shop-master\Virtual-Coffee-Shop-master\GUIusingJavaFXinIntellij\src\sample\Controller.java,sample.Controller,"initialize/2[java.net.URL,java.util.ResourceBundle]",cream_btn,1
C:\PROJECTS\Virtual-Coffee-Shop-master\Virtual-Coffee-Shop-master\GUIusingJavaFXinIntellij\src\sample\Controller.java,sample.Controller,"initialize/2[java.net.URL,java.util.ResourceBundle]",details,1
C:\PROJECTS\Virtual-Coffee-Shop-master\Virtual-Coffee-Shop-master\GUIusingJavaFXinIntellij\src\sample\Controller.java,sample.Controller,"initialize/2[java.net.URL,java.util.ResourceBundle]",caramel_btn,1
C:\PROJECTS\Virtual-Coffee-Shop-master\Virtual-Coffee-Shop-master\GUIusingJavaFXinIntellij\src\sample\Controller.java,sample.Controller,"initialize/2[java.net.URL,java.util.ResourceBundle]",next_btn,1
C:\PROJECTS\Virtual-Coffee-Shop-master\Virtual-Coffee-Shop-master\GUIusingJavaFXinIntellij\src\sample\Controller.java,sample.Controller,"initialize/2[java.net.URL,java.util.ResourceBundle]",instant_btn,1
C:\PROJECTS\Virtual-Coffee-Shop-master\Virtual-Coffee-Shop-master\GUIusingJavaFXinIntellij\src\sample\Controller.java,sample.Controller,"initialize/2[java.net.URL,java.util.ResourceBundle]",bill_btn,1
C:\PROJECTS\Virtual-Coffee-Shop-master\Virtual-Coffee-Shop-master\GUIusingJavaFXinIntellij\src\sample\Coffee.java,sample.Coffee,getDescription/0,description,1
C:\PROJECTS\Virtual-Coffee-Shop-master\Virtual-Coffee-Shop-master\Caramel.java,Caramel,cost/0,coffee,1
C:\PROJECTS\Virtual-Coffee-Shop-master\Virtual-Coffee-Shop-master\Caramel.java,Caramel,getDescription/0,coffee,1
C:\PROJECTS\Virtual-Coffee-Shop-master\Virtual-Coffee-Shop-master\Caramel.java,Caramel,Caramel/1[Coffee],coffee,3
C:\PROJECTS\Virtual-Coffee-Shop-master\Virtual-Coffee-Shop-master\GUIusingJavaFXinIntellij\src\sample\Cream.java,sample.Cream,Cream/1[sample.Coffee],coffee,3
C:\PROJECTS\Virtual-Coffee-Shop-master\Virtual-Coffee-Shop-master\GUIusingJavaFXinIntellij\src\sample\Cream.java,sample.Cream,getDescription/0,coffee,1
C:\PROJECTS\Virtual-Coffee-Shop-master\Virtual-Coffee-Shop-master\GUIusingJavaFXinIntellij\src\sample\Cream.java,sample.Cream,cost/0,coffee,1
C:\PROJECTS\Virtual-Coffee-Shop-master\Virtual-Coffee-Shop-master\GUIusingJavaFXinIntellij\src\sample\FinalBillIterator.java,sample.FinalBillIterator,remove/0,pos,2
C:\PROJECTS\Virtual-Coffee-Shop-master\Virtual-Coffee-Shop-master\GUIusingJavaFXinIntellij\src\sample\FinalBillIterator.java,sample.FinalBillIterator,hasNext/0,pos,1
C:\PROJECTS\Virtual-Coffee-Shop-master\Virtual-Coffee-Shop-master\GUIusingJavaFXinIntellij\src\sample\FinalBillIterator.java,sample.FinalBillIterator,next/0,pos,1
C:\PROJECTS\Virtual-Coffee-Shop-master\Virtual-Coffee-Shop-master\GUIusingJavaFXinIntellij\src\sample\FinalBillIterator.java,sample.FinalBillIterator,next/0,bill,3
C:\PROJECTS\Virtual-Coffee-Shop-master\Virtual-Coffee-Shop-master\GUIusingJavaFXinIntellij\src\sample\FinalBillIterator.java,sample.FinalBillIterator,FinalBillIterator/0,finalOrder,1
C:\PROJECTS\Virtual-Coffee-Shop-master\Virtual-Coffee-Shop-master\Milk.java,Milk,Milk/1[Coffee],coffee,3
C:\PROJECTS\Virtual-Coffee-Shop-master\Virtual-Coffee-Shop-master\Milk.java,Milk,cost/0,coffee,1
C:\PROJECTS\Virtual-Coffee-Shop-master\Virtual-Coffee-Shop-master\Milk.java,Milk,getDescription/0,coffee,1
