file,class,method,variable,usage
C:\PROJECTS\Simple_Java_AdventureGame-master\Simple_Java_AdventureGame-master\src\abstractFactory\NoLockDoor.java,abstractFactory.NoLockDoor,setRoom/1[model.Room],door,1
C:\PROJECTS\Simple_Java_AdventureGame-master\Simple_Java_AdventureGame-master\src\abstractFactory\NoLockDoor.java,abstractFactory.NoLockDoor,getroom/0,door,1
C:\PROJECTS\Simple_Java_AdventureGame-master\Simple_Java_AdventureGame-master\src\abstractFactory\NoLockDoor.java,abstractFactory.NoLockDoor,"setPosition/2[int,int]",door,1
C:\PROJECTS\Simple_Java_AdventureGame-master\Simple_Java_AdventureGame-master\src\abstractFactory\NoLockDoor.java,abstractFactory.NoLockDoor,"getPosition/2[int,int]",door,1
C:\PROJECTS\Simple_Java_AdventureGame-master\Simple_Java_AdventureGame-master\src\iterator\ThingIterator.java,iterator.ThingIterator,previous/0,cursor2,2
C:\PROJECTS\Simple_Java_AdventureGame-master\Simple_Java_AdventureGame-master\src\iterator\ThingIterator.java,iterator.ThingIterator,isFirst/0,cursor2,1
C:\PROJECTS\Simple_Java_AdventureGame-master\Simple_Java_AdventureGame-master\src\iterator\ThingIterator.java,iterator.ThingIterator,ThingIterator/1[iterator.ThingList],cursor2,1
C:\PROJECTS\Simple_Java_AdventureGame-master\Simple_Java_AdventureGame-master\src\iterator\ThingIterator.java,iterator.ThingIterator,ThingIterator/1[iterator.ThingList],cursor1,1
C:\PROJECTS\Simple_Java_AdventureGame-master\Simple_Java_AdventureGame-master\src\iterator\ThingIterator.java,iterator.ThingIterator,ThingIterator/1[iterator.ThingList],productList,1
C:\PROJECTS\Simple_Java_AdventureGame-master\Simple_Java_AdventureGame-master\src\iterator\ThingIterator.java,iterator.ThingIterator,ThingIterator/1[iterator.ThingList],products,2
C:\PROJECTS\Simple_Java_AdventureGame-master\Simple_Java_AdventureGame-master\src\iterator\ThingIterator.java,iterator.ThingIterator,next/0,cursor1,2
C:\PROJECTS\Simple_Java_AdventureGame-master\Simple_Java_AdventureGame-master\src\iterator\ThingIterator.java,iterator.ThingIterator,next/0,products,1
C:\PROJECTS\Simple_Java_AdventureGame-master\Simple_Java_AdventureGame-master\src\iterator\ThingIterator.java,iterator.ThingIterator,getNextItem/0,cursor1,1
C:\PROJECTS\Simple_Java_AdventureGame-master\Simple_Java_AdventureGame-master\src\iterator\ThingIterator.java,iterator.ThingIterator,getNextItem/0,products,1
C:\PROJECTS\Simple_Java_AdventureGame-master\Simple_Java_AdventureGame-master\src\iterator\ThingIterator.java,iterator.ThingIterator,getPreviousItem/0,cursor2,1
C:\PROJECTS\Simple_Java_AdventureGame-master\Simple_Java_AdventureGame-master\src\iterator\ThingIterator.java,iterator.ThingIterator,getPreviousItem/0,products,1
C:\PROJECTS\Simple_Java_AdventureGame-master\Simple_Java_AdventureGame-master\src\iterator\ThingIterator.java,iterator.ThingIterator,isLast/0,cursor1,1
C:\PROJECTS\Simple_Java_AdventureGame-master\Simple_Java_AdventureGame-master\src\iterator\ThingIterator.java,iterator.ThingIterator,isLast/0,products,1
C:\PROJECTS\Simple_Java_AdventureGame-master\Simple_Java_AdventureGame-master\src\flyweight\Coordinates.java,flyweight.Coordinates,"Coordinates/2[int,int]",x,3
C:\PROJECTS\Simple_Java_AdventureGame-master\Simple_Java_AdventureGame-master\src\flyweight\Coordinates.java,flyweight.Coordinates,"Coordinates/2[int,int]",y,3
C:\PROJECTS\Simple_Java_AdventureGame-master\Simple_Java_AdventureGame-master\src\flyweight\Coordinates.java,flyweight.Coordinates,getY/0,y,1
C:\PROJECTS\Simple_Java_AdventureGame-master\Simple_Java_AdventureGame-master\src\flyweight\Coordinates.java,flyweight.Coordinates,getX/0,x,1
C:\PROJECTS\Simple_Java_AdventureGame-master\Simple_Java_AdventureGame-master\src\model\Room.java,model.Room,setId/1[int],id,3
C:\PROJECTS\Simple_Java_AdventureGame-master\Simple_Java_AdventureGame-master\src\model\Room.java,model.Room,setName/1[java.lang.String],name,3
C:\PROJECTS\Simple_Java_AdventureGame-master\Simple_Java_AdventureGame-master\src\model\Room.java,model.Room,setThings/1[java.util.List],things,3
C:\PROJECTS\Simple_Java_AdventureGame-master\Simple_Java_AdventureGame-master\src\model\Room.java,model.Room,setOpenDoor/1[java.util.List],openDoor,3
C:\PROJECTS\Simple_Java_AdventureGame-master\Simple_Java_AdventureGame-master\src\model\Room.java,model.Room,setLockDoor/1[java.util.List],lockDoor,3
C:\PROJECTS\Simple_Java_AdventureGame-master\Simple_Java_AdventureGame-master\src\model\Player.java,model.Player,moveLR/0,left,1
C:\PROJECTS\Simple_Java_AdventureGame-master\Simple_Java_AdventureGame-master\src\model\Player.java,model.Player,moveLR/0,right1,3
C:\PROJECTS\Simple_Java_AdventureGame-master\Simple_Java_AdventureGame-master\src\model\Player.java,model.Player,moveLR/0,x,20
C:\PROJECTS\Simple_Java_AdventureGame-master\Simple_Java_AdventureGame-master\src\model\Player.java,model.Player,moveLR/0,y,6
C:\PROJECTS\Simple_Java_AdventureGame-master\Simple_Java_AdventureGame-master\src\model\Player.java,model.Player,moveLR/0,left1,3
C:\PROJECTS\Simple_Java_AdventureGame-master\Simple_Java_AdventureGame-master\src\model\Player.java,model.Player,moveLR/0,mx,8
C:\PROJECTS\Simple_Java_AdventureGame-master\Simple_Java_AdventureGame-master\src\model\Player.java,model.Player,moveLR/0,right,1
C:\PROJECTS\Simple_Java_AdventureGame-master\Simple_Java_AdventureGame-master\src\model\Player.java,model.Player,getInstance/0,instance,3
C:\PROJECTS\Simple_Java_AdventureGame-master\Simple_Java_AdventureGame-master\src\model\Player.java,model.Player,getY/0,y,1
C:\PROJECTS\Simple_Java_AdventureGame-master\Simple_Java_AdventureGame-master\src\model\Player.java,model.Player,moveUD/0,up1,3
C:\PROJECTS\Simple_Java_AdventureGame-master\Simple_Java_AdventureGame-master\src\model\Player.java,model.Player,moveUD/0,x,6
C:\PROJECTS\Simple_Java_AdventureGame-master\Simple_Java_AdventureGame-master\src\model\Player.java,model.Player,moveUD/0,y,20
C:\PROJECTS\Simple_Java_AdventureGame-master\Simple_Java_AdventureGame-master\src\model\Player.java,model.Player,moveUD/0,down1,3
C:\PROJECTS\Simple_Java_AdventureGame-master\Simple_Java_AdventureGame-master\src\model\Player.java,model.Player,moveUD/0,up,1
C:\PROJECTS\Simple_Java_AdventureGame-master\Simple_Java_AdventureGame-master\src\model\Player.java,model.Player,moveUD/0,my,8
C:\PROJECTS\Simple_Java_AdventureGame-master\Simple_Java_AdventureGame-master\src\model\Player.java,model.Player,moveUD/0,down,1
C:\PROJECTS\Simple_Java_AdventureGame-master\Simple_Java_AdventureGame-master\src\model\Player.java,model.Player,getX/0,x,1
C:\PROJECTS\Simple_Java_AdventureGame-master\Simple_Java_AdventureGame-master\src\model\Player.java,model.Player,restore/1[memento.PlayerMemento],playerdata,1
C:\PROJECTS\Simple_Java_AdventureGame-master\Simple_Java_AdventureGame-master\src\model\Player.java,model.Player,restore/1[memento.PlayerMemento],x,1
C:\PROJECTS\Simple_Java_AdventureGame-master\Simple_Java_AdventureGame-master\src\model\Player.java,model.Player,restore/1[memento.PlayerMemento],y,1
C:\PROJECTS\Simple_Java_AdventureGame-master\Simple_Java_AdventureGame-master\src\model\Player.java,model.Player,"setPosition/3[int,int,data.MapData]",x,3
C:\PROJECTS\Simple_Java_AdventureGame-master\Simple_Java_AdventureGame-master\src\model\Player.java,model.Player,"setPosition/3[int,int,data.MapData]",y,3
C:\PROJECTS\Simple_Java_AdventureGame-master\Simple_Java_AdventureGame-master\src\model\Player.java,model.Player,draw/1[java.awt.Graphics],left,2
C:\PROJECTS\Simple_Java_AdventureGame-master\Simple_Java_AdventureGame-master\src\model\Player.java,model.Player,draw/1[java.awt.Graphics],right1,3
C:\PROJECTS\Simple_Java_AdventureGame-master\Simple_Java_AdventureGame-master\src\model\Player.java,model.Player,draw/1[java.awt.Graphics],up1,3
C:\PROJECTS\Simple_Java_AdventureGame-master\Simple_Java_AdventureGame-master\src\model\Player.java,model.Player,draw/1[java.awt.Graphics],x,40
C:\PROJECTS\Simple_Java_AdventureGame-master\Simple_Java_AdventureGame-master\src\model\Player.java,model.Player,draw/1[java.awt.Graphics],y,40
C:\PROJECTS\Simple_Java_AdventureGame-master\Simple_Java_AdventureGame-master\src\model\Player.java,model.Player,draw/1[java.awt.Graphics],down1,3
C:\PROJECTS\Simple_Java_AdventureGame-master\Simple_Java_AdventureGame-master\src\model\Player.java,model.Player,draw/1[java.awt.Graphics],up,2
C:\PROJECTS\Simple_Java_AdventureGame-master\Simple_Java_AdventureGame-master\src\model\Player.java,model.Player,draw/1[java.awt.Graphics],right,2
C:\PROJECTS\Simple_Java_AdventureGame-master\Simple_Java_AdventureGame-master\src\model\Player.java,model.Player,draw/1[java.awt.Graphics],towards,4
C:\PROJECTS\Simple_Java_AdventureGame-master\Simple_Java_AdventureGame-master\src\model\Player.java,model.Player,draw/1[java.awt.Graphics],left1,3
C:\PROJECTS\Simple_Java_AdventureGame-master\Simple_Java_AdventureGame-master\src\model\Player.java,model.Player,draw/1[java.awt.Graphics],down,2
C:\PROJECTS\Simple_Java_AdventureGame-master\Simple_Java_AdventureGame-master\src\model\Player.java,model.Player,setmapid/1[int],playerdata,1
C:\PROJECTS\Simple_Java_AdventureGame-master\Simple_Java_AdventureGame-master\src\model\Player.java,model.Player,getPlayerdata/0,playerdata,1
C:\PROJECTS\Simple_Java_AdventureGame-master\Simple_Java_AdventureGame-master\src\model\Player.java,model.Player,save/0,playerdata,1
C:\PROJECTS\Simple_Java_AdventureGame-master\Simple_Java_AdventureGame-master\src\model\Player.java,model.Player,save/0,x,1
C:\PROJECTS\Simple_Java_AdventureGame-master\Simple_Java_AdventureGame-master\src\model\Player.java,model.Player,save/0,y,1
C:\PROJECTS\Simple_Java_AdventureGame-master\Simple_Java_AdventureGame-master\src\abstractFactory\LockDoor.java,abstractFactory.LockDoor,setRoom/1[model.Room],door,1
C:\PROJECTS\Simple_Java_AdventureGame-master\Simple_Java_AdventureGame-master\src\abstractFactory\LockDoor.java,abstractFactory.LockDoor,setKey/1[int],door,1
C:\PROJECTS\Simple_Java_AdventureGame-master\Simple_Java_AdventureGame-master\src\abstractFactory\LockDoor.java,abstractFactory.LockDoor,"setPosition/2[int,int]",door,1
C:\PROJECTS\Simple_Java_AdventureGame-master\Simple_Java_AdventureGame-master\src\abstractFactory\LockDoor.java,abstractFactory.LockDoor,checkkey/1[int],door,1
C:\PROJECTS\Simple_Java_AdventureGame-master\Simple_Java_AdventureGame-master\src\abstractFactory\LockDoor.java,abstractFactory.LockDoor,"getPosition/2[int,int]",door,1
C:\PROJECTS\Simple_Java_AdventureGame-master\Simple_Java_AdventureGame-master\src\abstractFactory\LockDoor.java,abstractFactory.LockDoor,getroom/0,door,1
C:\PROJECTS\Simple_Java_AdventureGame-master\Simple_Java_AdventureGame-master\src\state\StateManager.java,state.StateManager,setState/1[state.State],state,3
C:\PROJECTS\Simple_Java_AdventureGame-master\Simple_Java_AdventureGame-master\src\state\StateManager.java,state.StateManager,getPoison/0,state,2
C:\PROJECTS\Simple_Java_AdventureGame-master\Simple_Java_AdventureGame-master\src\state\StateManager.java,state.StateManager,getData/1[data.PlayerData],data,3
C:\PROJECTS\Simple_Java_AdventureGame-master\Simple_Java_AdventureGame-master\src\state\StateManager.java,state.StateManager,getName/0,name,1
C:\PROJECTS\Simple_Java_AdventureGame-master\Simple_Java_AdventureGame-master\src\controller\AdventureGame.java,controller.AdventureGame,paint/1[java.awt.Graphics],p,1
C:\PROJECTS\Simple_Java_AdventureGame-master\Simple_Java_AdventureGame-master\src\controller\AdventureGame.java,controller.AdventureGame,paint/1[java.awt.Graphics],viewthing,1
C:\PROJECTS\Simple_Java_AdventureGame-master\Simple_Java_AdventureGame-master\src\controller\AdventureGame.java,controller.AdventureGame,init/0,viewmap,3
C:\PROJECTS\Simple_Java_AdventureGame-master\Simple_Java_AdventureGame-master\src\controller\AdventureGame.java,controller.AdventureGame,init/0,wallFactory,3
C:\PROJECTS\Simple_Java_AdventureGame-master\Simple_Java_AdventureGame-master\src\controller\AdventureGame.java,controller.AdventureGame,init/0,viewthing,1
C:\PROJECTS\Simple_Java_AdventureGame-master\Simple_Java_AdventureGame-master\src\controller\AdventureGame.java,controller.AdventureGame,init/0,thingmodel,3
C:\PROJECTS\Simple_Java_AdventureGame-master\Simple_Java_AdventureGame-master\src\controller\AdventureGame.java,controller.AdventureGame,init/0,p,4
C:\PROJECTS\Simple_Java_AdventureGame-master\Simple_Java_AdventureGame-master\src\controller\AdventureGame.java,controller.AdventureGame,init/0,door2,1
C:\PROJECTS\Simple_Java_AdventureGame-master\Simple_Java_AdventureGame-master\src\controller\AdventureGame.java,controller.AdventureGame,init/0,wall2,1
C:\PROJECTS\Simple_Java_AdventureGame-master\Simple_Java_AdventureGame-master\src\controller\AdventureGame.java,controller.AdventureGame,init/0,t,8
C:\PROJECTS\Simple_Java_AdventureGame-master\Simple_Java_AdventureGame-master\src\controller\AdventureGame.java,controller.AdventureGame,init/0,door1,1
C:\PROJECTS\Simple_Java_AdventureGame-master\Simple_Java_AdventureGame-master\src\controller\AdventureGame.java,controller.AdventureGame,init/0,map,2
C:\PROJECTS\Simple_Java_AdventureGame-master\Simple_Java_AdventureGame-master\src\controller\AdventureGame.java,controller.AdventureGame,init/0,wall1,1
C:\PROJECTS\Simple_Java_AdventureGame-master\Simple_Java_AdventureGame-master\src\controller\AdventureGame.java,controller.AdventureGame,init/0,ticon,2
C:\PROJECTS\Simple_Java_AdventureGame-master\Simple_Java_AdventureGame-master\src\controller\AdventureGame.java,controller.AdventureGame,init/0,doorFactory,3
C:\PROJECTS\Simple_Java_AdventureGame-master\Simple_Java_AdventureGame-master\src\view\ViewMap.java,view.ViewMap,ViewMap/1[model.Map],map,3
C:\PROJECTS\Simple_Java_AdventureGame-master\Simple_Java_AdventureGame-master\src\view\ViewMap.java,view.ViewMap,mapDataUpdate/1[model.Map],map,3
C:\PROJECTS\Simple_Java_AdventureGame-master\Simple_Java_AdventureGame-master\src\view\ViewMap.java,view.ViewMap,paint/1[java.awt.Graphics],map,1
C:\PROJECTS\Simple_Java_AdventureGame-master\Simple_Java_AdventureGame-master\src\view\ThingModel.java,view.ThingModel,join/1[model.Thing],things,1
C:\PROJECTS\Simple_Java_AdventureGame-master\Simple_Java_AdventureGame-master\src\view\ThingModel.java,view.ThingModel,join/1[model.Thing],thing,2
C:\PROJECTS\Simple_Java_AdventureGame-master\Simple_Java_AdventureGame-master\src\view\ThingModel.java,view.ThingModel,setThing/1[model.Thing],thing,3
C:\PROJECTS\Simple_Java_AdventureGame-master\Simple_Java_AdventureGame-master\src\view\ThingModel.java,view.ThingModel,registerObserver/1[observer.ThingObserver],observer,1
C:\PROJECTS\Simple_Java_AdventureGame-master\Simple_Java_AdventureGame-master\src\view\ThingModel.java,view.ThingModel,changeModel/1[view.ThingModel],things,1
C:\PROJECTS\Simple_Java_AdventureGame-master\Simple_Java_AdventureGame-master\src\view\ThingModel.java,view.ThingModel,size/0,things,1
C:\PROJECTS\Simple_Java_AdventureGame-master\Simple_Java_AdventureGame-master\src\view\ThingModel.java,view.ThingModel,dataUpdate/0,observer,1
C:\PROJECTS\Simple_Java_AdventureGame-master\Simple_Java_AdventureGame-master\src\view\ThingModel.java,view.ThingModel,quit/1[model.Thing],things,1
C:\PROJECTS\Simple_Java_AdventureGame-master\Simple_Java_AdventureGame-master\src\view\ThingModel.java,view.ThingModel,quit/1[model.Thing],thing,2
C:\PROJECTS\Simple_Java_AdventureGame-master\Simple_Java_AdventureGame-master\src\view\ThingModel.java,view.ThingModel,getData/1[int],things,1
C:\PROJECTS\Simple_Java_AdventureGame-master\Simple_Java_AdventureGame-master\src\view\ViewThing.java,view.ViewThing,draw/1[java.awt.Graphics],iterator,4
C:\PROJECTS\Simple_Java_AdventureGame-master\Simple_Java_AdventureGame-master\src\view\ViewThing.java,view.ViewThing,draw/1[java.awt.Graphics],list,2
C:\PROJECTS\Simple_Java_AdventureGame-master\Simple_Java_AdventureGame-master\src\view\ViewThing.java,view.ViewThing,draw/1[java.awt.Graphics],thing,4
C:\PROJECTS\Simple_Java_AdventureGame-master\Simple_Java_AdventureGame-master\src\view\ViewThing.java,view.ViewThing,dataUpdate/1[view.ThingModel],things,1
C:\PROJECTS\Simple_Java_AdventureGame-master\Simple_Java_AdventureGame-master\src\view\ViewThing.java,view.ViewThing,ViewThing/1[view.ThingModel],things,3
C:\PROJECTS\Simple_Java_AdventureGame-master\Simple_Java_AdventureGame-master\src\memento\MementoCaretaker.java,memento.MementoCaretaker,getMenmento/0,memento,1
C:\PROJECTS\Simple_Java_AdventureGame-master\Simple_Java_AdventureGame-master\src\memento\MementoCaretaker.java,memento.MementoCaretaker,setMemento/1[memento.PlayerMemento],memento,3
C:\PROJECTS\Simple_Java_AdventureGame-master\Simple_Java_AdventureGame-master\src\model\Door.java,model.Door,"getPosition/2[int,int]",x,3
C:\PROJECTS\Simple_Java_AdventureGame-master\Simple_Java_AdventureGame-master\src\model\Door.java,model.Door,"getPosition/2[int,int]",y,3
C:\PROJECTS\Simple_Java_AdventureGame-master\Simple_Java_AdventureGame-master\src\model\Door.java,model.Door,getRoom/0,room,1
C:\PROJECTS\Simple_Java_AdventureGame-master\Simple_Java_AdventureGame-master\src\model\Door.java,model.Door,setRoom/1[model.Room],room,3
C:\PROJECTS\Simple_Java_AdventureGame-master\Simple_Java_AdventureGame-master\src\model\Door.java,model.Door,"setPosition/2[int,int]",x,3
C:\PROJECTS\Simple_Java_AdventureGame-master\Simple_Java_AdventureGame-master\src\model\Door.java,model.Door,"setPosition/2[int,int]",y,3
C:\PROJECTS\Simple_Java_AdventureGame-master\Simple_Java_AdventureGame-master\src\flyweight\Wall102.java,flyweight.Wall102,getImage/0,icon,1
C:\PROJECTS\Simple_Java_AdventureGame-master\Simple_Java_AdventureGame-master\src\flyweight\Wall100.java,flyweight.Wall100,getImage/0,icon,1
C:\PROJECTS\Simple_Java_AdventureGame-master\Simple_Java_AdventureGame-master\src\flyweight\Wall101.java,flyweight.Wall101,getImage/0,icon,1
C:\PROJECTS\Simple_Java_AdventureGame-master\Simple_Java_AdventureGame-master\src\iterator\AbstractThingList.java,iterator.AbstractThingList,AbstractThingList/1[java.util.List],objects,3
C:\PROJECTS\Simple_Java_AdventureGame-master\Simple_Java_AdventureGame-master\src\iterator\AbstractThingList.java,iterator.AbstractThingList,addObject/1[java.lang.Object],objects,1
C:\PROJECTS\Simple_Java_AdventureGame-master\Simple_Java_AdventureGame-master\src\iterator\AbstractThingList.java,iterator.AbstractThingList,removeObject/1[java.lang.Object],objects,1
C:\PROJECTS\Simple_Java_AdventureGame-master\Simple_Java_AdventureGame-master\src\iterator\AbstractThingList.java,iterator.AbstractThingList,getObjects/0,objects,1
C:\PROJECTS\Simple_Java_AdventureGame-master\Simple_Java_AdventureGame-master\src\adapter\EquipItemAdapter.java,adapter.EquipItemAdapter,EquipItemAdapter/1[decorator.EquipItem],item,3
C:\PROJECTS\Simple_Java_AdventureGame-master\Simple_Java_AdventureGame-master\src\adapter\EquipItemAdapter.java,adapter.EquipItemAdapter,"setposition/2[int,int]",item,1
C:\PROJECTS\Simple_Java_AdventureGame-master\Simple_Java_AdventureGame-master\src\model\MapSite.java,model.MapSite,setMapdata/1[data.MapData],mapdata,3
C:\PROJECTS\Simple_Java_AdventureGame-master\Simple_Java_AdventureGame-master\src\model\MapSite.java,model.MapSite,"enter/2[int,int]",inx,1
C:\PROJECTS\Simple_Java_AdventureGame-master\Simple_Java_AdventureGame-master\src\model\MapSite.java,model.MapSite,"enter/2[int,int]",iny,1
C:\PROJECTS\Simple_Java_AdventureGame-master\Simple_Java_AdventureGame-master\src\model\MapSite.java,model.MapSite,"exit/2[int,int]",outx,1
C:\PROJECTS\Simple_Java_AdventureGame-master\Simple_Java_AdventureGame-master\src\model\MapSite.java,model.MapSite,"exit/2[int,int]",outy,1
C:\PROJECTS\Simple_Java_AdventureGame-master\Simple_Java_AdventureGame-master\src\flyweight\WallFactory.java,flyweight.WallFactory,getWall/1[int],ht,1
C:\PROJECTS\Simple_Java_AdventureGame-master\Simple_Java_AdventureGame-master\src\flyweight\WallFactory.java,flyweight.WallFactory,getInstance/0,instance,1
C:\PROJECTS\Simple_Java_AdventureGame-master\Simple_Java_AdventureGame-master\src\flyweight\WallFactory.java,flyweight.WallFactory,WallFactory/0,ht,4
C:\PROJECTS\Simple_Java_AdventureGame-master\Simple_Java_AdventureGame-master\src\model\Map.java,model.Map,registerOberver/1[observer.MapObserver],mapobserver,1
C:\PROJECTS\Simple_Java_AdventureGame-master\Simple_Java_AdventureGame-master\src\model\Map.java,model.Map,addData/1[java.lang.String],mapdata,1
C:\PROJECTS\Simple_Java_AdventureGame-master\Simple_Java_AdventureGame-master\src\model\Map.java,model.Map,addData/1[java.lang.String],map2,1
C:\PROJECTS\Simple_Java_AdventureGame-master\Simple_Java_AdventureGame-master\src\model\Map.java,model.Map,addData/1[java.lang.String],map1,1
C:\PROJECTS\Simple_Java_AdventureGame-master\Simple_Java_AdventureGame-master\src\model\Map.java,model.Map,getData/1[int],mapdata,1
C:\PROJECTS\Simple_Java_AdventureGame-master\Simple_Java_AdventureGame-master\src\model\Map.java,model.Map,mapDataUpdate/0,mapobserver,1
C:\PROJECTS\Simple_Java_AdventureGame-master\Simple_Java_AdventureGame-master\src\model\Map.java,model.Map,changeModel/1[model.Map],mapdata,1
C:\PROJECTS\Simple_Java_AdventureGame-master\Simple_Java_AdventureGame-master\src\model\Map.java,model.Map,removeOberver/1[observer.MapObserver],mapobserver,1
C:\PROJECTS\Simple_Java_AdventureGame-master\Simple_Java_AdventureGame-master\src\model\Map.java,model.Map,addData/1[data.MapData],mapdata,1
C:\PROJECTS\Simple_Java_AdventureGame-master\Simple_Java_AdventureGame-master\src\model\Map.java,model.Map,addData/1[data.MapData],map2,1
C:\PROJECTS\Simple_Java_AdventureGame-master\Simple_Java_AdventureGame-master\src\model\Map.java,model.Map,addData/1[data.MapData],map1,1
C:\PROJECTS\Simple_Java_AdventureGame-master\Simple_Java_AdventureGame-master\src\model\Map.java,model.Map,size/0,mapdata,1
C:\PROJECTS\Simple_Java_AdventureGame-master\Simple_Java_AdventureGame-master\src\model\Map.java,model.Map,readfile/1[java.lang.String],map3,2
C:\PROJECTS\Simple_Java_AdventureGame-master\Simple_Java_AdventureGame-master\src\model\Map.java,model.Map,readfile/1[java.lang.String],map2,2
C:\PROJECTS\Simple_Java_AdventureGame-master\Simple_Java_AdventureGame-master\src\model\Map.java,model.Map,readfile/1[java.lang.String],map1,2
C:\PROJECTS\Simple_Java_AdventureGame-master\Simple_Java_AdventureGame-master\src\model\Thing.java,model.Thing,"getplayer/2[int,int]",ticon,1
C:\PROJECTS\Simple_Java_AdventureGame-master\Simple_Java_AdventureGame-master\src\model\Thing.java,model.Thing,getmapid/1[int],thing,1
C:\PROJECTS\Simple_Java_AdventureGame-master\Simple_Java_AdventureGame-master\src\model\Thing.java,model.Thing,setThing/1[data.ThingData],thing,3
C:\PROJECTS\Simple_Java_AdventureGame-master\Simple_Java_AdventureGame-master\src\memento\PlayerMemento.java,memento.PlayerMemento,getY/0,y,1
C:\PROJECTS\Simple_Java_AdventureGame-master\Simple_Java_AdventureGame-master\src\memento\PlayerMemento.java,memento.PlayerMemento,"PlayerMemento/3[data.PlayerData,int,int]",data,3
C:\PROJECTS\Simple_Java_AdventureGame-master\Simple_Java_AdventureGame-master\src\memento\PlayerMemento.java,memento.PlayerMemento,"PlayerMemento/3[data.PlayerData,int,int]",x,3
C:\PROJECTS\Simple_Java_AdventureGame-master\Simple_Java_AdventureGame-master\src\memento\PlayerMemento.java,memento.PlayerMemento,"PlayerMemento/3[data.PlayerData,int,int]",y,3
C:\PROJECTS\Simple_Java_AdventureGame-master\Simple_Java_AdventureGame-master\src\memento\PlayerMemento.java,memento.PlayerMemento,getX/0,x,1
C:\PROJECTS\Simple_Java_AdventureGame-master\Simple_Java_AdventureGame-master\src\memento\PlayerMemento.java,memento.PlayerMemento,getData/0,data,1
C:\PROJECTS\Simple_Java_AdventureGame-master\Simple_Java_AdventureGame-master\src\decorator\ItemDecorator.java,decorator.ItemDecorator,gettype/0,item,1
C:\PROJECTS\Simple_Java_AdventureGame-master\Simple_Java_AdventureGame-master\src\decorator\ItemDecorator.java,decorator.ItemDecorator,getid/0,item,1
C:\PROJECTS\Simple_Java_AdventureGame-master\Simple_Java_AdventureGame-master\src\decorator\ItemDecorator.java,decorator.ItemDecorator,getweight/0,item,1
C:\PROJECTS\Simple_Java_AdventureGame-master\Simple_Java_AdventureGame-master\src\decorator\ItemDecorator.java,decorator.ItemDecorator,ItemDecorator/1[decorator.Item],item,3
C:\PROJECTS\Simple_Java_AdventureGame-master\Simple_Java_AdventureGame-master\src\decorator\ItemDecorator.java,decorator.ItemDecorator,getname/0,item,1
C:\PROJECTS\Simple_Java_AdventureGame-master\Simple_Java_AdventureGame-master\src\model\DoorWithLock.java,model.DoorWithLock,checkkey/1[int],key,3
C:\PROJECTS\Simple_Java_AdventureGame-master\Simple_Java_AdventureGame-master\src\model\DoorWithLock.java,model.DoorWithLock,setKey/1[int],key,3
