file,class,type,cbo,cboModified,fanin,fanout,wmc,dit,noc,rfc,lcom,lcom*,tcc,lcc,totalMethodsQty,staticMethodsQty,publicMethodsQty,privateMethodsQty,protectedMethodsQty,defaultMethodsQty,visibleMethodsQty,abstractMethodsQty,finalMethodsQty,synchronizedMethodsQty,totalFieldsQty,staticFieldsQty,publicFieldsQty,privateFieldsQty,protectedFieldsQty,defaultFieldsQty,finalFieldsQty,synchronizedFieldsQty,nosi,loc,returnQty,loopQty,comparisonsQty,tryCatchQty,parenthesizedExpsQty,stringLiteralsQty,numbersQty,assignmentsQty,mathOperationsQty,variablesQty,maxNestedBlocksQty,anonymousClassesQty,innerClassesQty,lambdasQty,uniqueWordsQty,modifiers,logStatementsQty
C:\PROJECTS\Drawing-Figures-using-Design-Patterns-master\Drawing-Figures-using-Design-Patterns-master\src\controller\FigureController.java,controller.FigureController$Anonymous2,anonymous,2,2,0,2,1,1,0,1,0,0.0,NaN,NaN,1,0,1,0,0,0,1,0,0,0,0,0,0,0,0,0,0,0,0,5,0,0,0,0,0,0,0,0,0,0,0,0,0,0,6,-1,0
C:\PROJECTS\Drawing-Figures-using-Design-Patterns-master\Drawing-Figures-using-Design-Patterns-master\src\controller\FigureController.java,controller.FigureController$Anonymous1,anonymous,2,2,0,2,1,1,0,1,0,0.0,NaN,NaN,1,0,1,0,0,0,1,0,0,0,0,0,0,0,0,0,0,0,0,5,0,0,0,0,0,0,0,0,0,0,0,0,0,0,6,-1,0
C:\PROJECTS\Drawing-Figures-using-Design-Patterns-master\Drawing-Figures-using-Design-Patterns-master\src\service\FigureService.java,service.FigureService,class,4,11,7,4,10,1,0,20,0,0.45833337,0.46666667,0.6666667,6,0,6,0,0,0,6,0,0,0,4,0,0,4,0,0,0,0,0,49,1,1,0,0,0,0,3,8,0,8,2,0,0,0,23,1,0
C:\PROJECTS\Drawing-Figures-using-Design-Patterns-master\Drawing-Figures-using-Design-Patterns-master\src\controller\FigureController.java,controller.FigureController$Anonymous4,anonymous,1,1,0,1,1,1,0,1,0,0.0,NaN,NaN,1,0,1,0,0,0,1,0,0,0,0,0,0,0,0,0,0,0,0,5,0,0,0,0,0,0,0,0,0,0,0,0,0,0,5,-1,0
C:\PROJECTS\Drawing-Figures-using-Design-Patterns-master\Drawing-Figures-using-Design-Patterns-master\src\model\CommandInterface.java,model.CommandInterface,interface,0,1,1,0,1,1,0,0,0,0.0,NaN,NaN,1,0,1,0,0,0,1,0,0,0,0,0,0,0,0,0,0,0,0,3,0,0,0,0,0,0,0,0,0,0,0,0,0,0,6,1,0
C:\PROJECTS\Drawing-Figures-using-Design-Patterns-master\Drawing-Figures-using-Design-Patterns-master\src\controller\FigureController.java,controller.FigureController$Anonymous3,anonymous,1,1,0,1,1,1,0,1,0,0.0,NaN,NaN,1,0,1,0,0,0,1,0,0,0,0,0,0,0,0,0,0,0,0,5,0,0,0,0,0,0,0,0,0,0,0,0,0,0,5,-1,0
C:\PROJECTS\Drawing-Figures-using-Design-Patterns-master\Drawing-Figures-using-Design-Patterns-master\src\gui\MainAppToRun.java,gui.MainAppToRun,class,3,3,0,3,1,1,0,1,0,0.0,NaN,NaN,1,1,1,0,0,0,1,0,0,0,0,0,0,0,0,0,0,0,0,8,0,0,0,0,0,0,0,3,0,3,0,0,0,0,13,1,0
C:\PROJECTS\Drawing-Figures-using-Design-Patterns-master\Drawing-Figures-using-Design-Patterns-master\src\model\Figure.java,model.Figure,interface,0,4,4,0,2,1,0,0,1,0.0,0.0,0.0,2,0,0,0,0,2,2,0,0,0,0,0,0,0,0,0,0,0,0,4,0,0,0,0,0,0,0,0,0,0,0,0,0,0,7,1,0
C:\PROJECTS\Drawing-Figures-using-Design-Patterns-master\Drawing-Figures-using-Design-Patterns-master\src\gui\FigureFrame.java,gui.FigureFrame,class,1,3,2,1,1,5,0,8,0,0.0,NaN,NaN,1,0,1,0,0,0,1,0,0,0,5,0,5,0,0,0,0,0,0,44,0,0,0,0,0,4,22,6,0,6,0,0,1,0,16,1,0
C:\PROJECTS\Drawing-Figures-using-Design-Patterns-master\Drawing-Figures-using-Design-Patterns-master\src\model\Box.java,model.Box,class,2,3,1,2,3,1,0,6,0,0.0,1.0,1.0,3,0,3,0,0,0,3,0,0,0,1,0,0,1,0,0,0,0,0,12,0,0,0,0,0,0,0,1,0,1,0,0,0,0,9,1,0
C:\PROJECTS\Drawing-Figures-using-Design-Patterns-master\Drawing-Figures-using-Design-Patterns-master\src\model\Size.java,model.Size,class,0,2,2,0,5,1,0,0,0,0.6,0.5,1.0,5,0,5,0,0,0,5,0,0,0,4,0,0,4,0,0,0,0,0,24,4,0,0,0,0,0,0,4,0,4,0,0,0,0,12,1,0
C:\PROJECTS\Drawing-Figures-using-Design-Patterns-master\Drawing-Figures-using-Design-Patterns-master\src\model\CreateFigureCommand.java,model.CreateFigureCommand,class,2,3,1,2,2,1,0,1,0,0.0,1.0,1.0,2,0,2,0,0,0,2,0,0,0,1,0,0,1,0,0,0,0,0,9,0,0,0,0,0,0,0,1,0,1,0,0,0,0,8,1,0
C:\PROJECTS\Drawing-Figures-using-Design-Patterns-master\Drawing-Figures-using-Design-Patterns-master\src\controller\FigureController.java,controller.FigureController,class,2,3,1,2,7,1,0,3,15,0.6428572,0.0952381,0.14285715,7,0,7,0,0,0,7,0,0,0,2,0,0,2,0,0,0,0,0,46,0,0,0,0,0,0,0,2,0,2,0,4,0,0,18,1,0
C:\PROJECTS\Drawing-Figures-using-Design-Patterns-master\Drawing-Figures-using-Design-Patterns-master\src\model\Circle.java,model.Circle,class,2,3,1,2,3,1,0,6,0,0.0,1.0,1.0,3,0,3,0,0,0,3,0,0,0,1,0,0,1,0,0,0,0,0,12,0,0,0,0,0,0,0,1,0,1,0,0,0,0,9,1,0
C:\PROJECTS\Drawing-Figures-using-Design-Patterns-master\Drawing-Figures-using-Design-Patterns-master\src\gui\FigureFrame.java,gui.FigureFrame$DrawingFigurePanel,innerclass,0,0,0,0,4,5,0,2,1,0.6666667,0.33333334,0.33333334,3,0,3,0,0,0,3,0,0,0,2,1,1,1,0,0,1,0,0,14,0,0,1,0,0,0,3,3,0,2,1,0,0,0,19,1,0
