file,class,method,constructor,line,cbo,cboModified,fanin,fanout,wmc,rfc,loc,returnsQty,variablesQty,parametersQty,methodsInvokedQty,methodsInvokedLocalQty,methodsInvokedIndirectLocalQty,loopQty,comparisonsQty,tryCatchQty,parenthesizedExpsQty,stringLiteralsQty,numbersQty,assignmentsQty,mathOperationsQty,maxNestedBlocksQty,anonymousClassesQty,innerClassesQty,lambdasQty,uniqueWordsQty,modifiers,logStatementsQty,hasJavaDoc
C:\PROJECTS\Drawing-Figures-using-Design-Patterns-master\Drawing-Figures-using-Design-Patterns-master\src\controller\FigureController.java,controller.FigureController$Anonymous2,actionPerformed/1[java.awt.event.ActionEvent],false,34,2,5,0,5,1,1,3,0,0,1,1,0,0,0,0,0,0,0,0,0,0,0,0,0,0,6,1,0,false
C:\PROJECTS\Drawing-Figures-using-Design-Patterns-master\Drawing-Figures-using-Design-Patterns-master\src\controller\FigureController.java,controller.FigureController$Anonymous1,actionPerformed/1[java.awt.event.ActionEvent],false,28,2,5,0,5,1,1,3,0,0,1,1,0,0,0,0,0,0,0,0,0,0,0,0,0,0,6,1,0,false
C:\PROJECTS\Drawing-Figures-using-Design-Patterns-master\Drawing-Figures-using-Design-Patterns-master\src\service\FigureService.java,service.FigureService,undo/1[gui.FigureFrame.DrawingFigurePanel],false,37,4,5,1,4,3,12,15,0,3,1,12,1,1,1,0,0,0,0,1,3,0,2,0,0,0,13,1,0,false
C:\PROJECTS\Drawing-Figures-using-Design-Patterns-master\Drawing-Figures-using-Design-Patterns-master\src\service\FigureService.java,service.FigureService,getIterator/1[java.util.Collection<model.Figure>],false,68,1,1,1,0,1,1,3,1,0,1,1,0,0,0,0,0,0,0,0,0,0,0,0,0,0,3,1,0,false
C:\PROJECTS\Drawing-Figures-using-Design-Patterns-master\Drawing-Figures-using-Design-Patterns-master\src\service\FigureService.java,service.FigureService,redo/1[gui.FigureFrame.DrawingFigurePanel],false,53,3,3,1,2,2,5,8,0,1,1,5,2,1,0,0,0,0,0,0,1,0,1,0,0,0,8,1,0,false
C:\PROJECTS\Drawing-Figures-using-Design-Patterns-master\Drawing-Figures-using-Design-Patterns-master\src\service\FigureService.java,service.FigureService,FigureService/0,true,19,1,1,1,0,1,0,4,0,0,0,0,0,0,0,0,0,0,0,0,2,0,0,0,0,0,2,1,0,false
C:\PROJECTS\Drawing-Figures-using-Design-Patterns-master\Drawing-Figures-using-Design-Patterns-master\src\service\FigureService.java,service.FigureService,"execute/3[gui.FigureFrame.DrawingFigurePanel,java.awt.event.MouseEvent,boolean]",false,25,3,5,2,3,2,8,10,0,0,3,8,0,0,0,0,0,0,0,2,1,0,1,0,0,0,10,1,0,false
C:\PROJECTS\Drawing-Figures-using-Design-Patterns-master\Drawing-Figures-using-Design-Patterns-master\src\service\FigureService.java,service.FigureService,setFigure/1[model.Figure],false,63,1,2,2,0,1,0,3,0,0,1,0,0,0,0,0,0,0,0,0,1,0,0,0,0,0,3,1,0,false
C:\PROJECTS\Drawing-Figures-using-Design-Patterns-master\Drawing-Figures-using-Design-Patterns-master\src\controller\FigureController.java,controller.FigureController$Anonymous4,actionPerformed/1[java.awt.event.ActionEvent],false,46,1,5,0,5,1,1,3,0,0,1,1,0,0,0,0,0,0,0,0,0,0,0,0,0,0,5,1,0,false
C:\PROJECTS\Drawing-Figures-using-Design-Patterns-master\Drawing-Figures-using-Design-Patterns-master\src\model\CommandInterface.java,model.CommandInterface,createFigure/1[java.awt.Graphics],false,7,0,0,0,0,1,0,1,0,0,1,0,0,0,0,0,0,0,0,0,0,0,0,0,0,0,4,1,0,false
C:\PROJECTS\Drawing-Figures-using-Design-Patterns-master\Drawing-Figures-using-Design-Patterns-master\src\controller\FigureController.java,controller.FigureController$Anonymous3,actionPerformed/1[java.awt.event.ActionEvent],false,40,1,5,0,5,1,1,3,0,0,1,1,0,0,0,0,0,0,0,0,0,0,0,0,0,0,5,1,0,false
C:\PROJECTS\Drawing-Figures-using-Design-Patterns-master\Drawing-Figures-using-Design-Patterns-master\src\gui\MainAppToRun.java,gui.MainAppToRun,main/1[java.lang.String[]],false,8,3,4,0,4,1,1,6,0,3,1,1,0,0,0,0,0,0,0,0,3,0,0,0,0,0,9,9,0,false
C:\PROJECTS\Drawing-Figures-using-Design-Patterns-master\Drawing-Figures-using-Design-Patterns-master\src\model\Figure.java,model.Figure,"setSize/4[int,int,int,int]",false,10,0,1,1,0,1,0,1,0,0,4,0,0,0,0,0,0,0,0,0,0,0,0,0,0,0,3,0,0,false
C:\PROJECTS\Drawing-Figures-using-Design-Patterns-master\Drawing-Figures-using-Design-Patterns-master\src\model\Figure.java,model.Figure,draw/1[java.awt.Graphics],false,8,0,1,1,0,1,0,1,0,0,1,0,0,0,0,0,0,0,0,0,0,0,0,0,0,0,3,0,0,false
C:\PROJECTS\Drawing-Figures-using-Design-Patterns-master\Drawing-Figures-using-Design-Patterns-master\src\gui\FigureFrame.java,gui.FigureFrame,FigureFrame/0,true,43,1,2,1,1,1,8,23,0,1,0,8,0,0,0,0,0,0,4,22,6,0,0,0,0,0,16,1,0,false
C:\PROJECTS\Drawing-Figures-using-Design-Patterns-master\Drawing-Figures-using-Design-Patterns-master\src\model\Box.java,model.Box,draw/1[java.awt.Graphics],false,15,1,4,0,4,1,5,3,0,0,1,5,0,0,0,0,0,0,0,0,0,0,0,0,0,0,3,1,0,false
C:\PROJECTS\Drawing-Figures-using-Design-Patterns-master\Drawing-Figures-using-Design-Patterns-master\src\model\Box.java,model.Box,"setSize/4[int,int,int,int]",false,22,1,1,0,1,1,1,3,0,0,4,1,0,0,0,0,0,0,0,0,0,0,0,0,0,0,3,1,0,false
C:\PROJECTS\Drawing-Figures-using-Design-Patterns-master\Drawing-Figures-using-Design-Patterns-master\src\model\Box.java,model.Box,Box/0,true,9,1,2,1,1,1,0,3,0,0,0,0,0,0,0,0,0,0,0,0,1,0,0,0,0,0,2,1,0,false
C:\PROJECTS\Drawing-Figures-using-Design-Patterns-master\Drawing-Figures-using-Design-Patterns-master\src\model\Size.java,model.Size,"setSize/4[int,int,int,int]",false,23,0,2,2,0,1,0,6,0,0,4,0,0,0,0,0,0,0,0,0,4,0,0,0,0,0,7,1,0,false
C:\PROJECTS\Drawing-Figures-using-Design-Patterns-master\Drawing-Figures-using-Design-Patterns-master\src\model\Size.java,model.Size,getHeight/0,false,19,0,2,2,0,1,0,3,1,0,0,0,0,0,0,0,0,0,0,0,0,0,0,0,0,0,3,1,0,false
C:\PROJECTS\Drawing-Figures-using-Design-Patterns-master\Drawing-Figures-using-Design-Patterns-master\src\model\Size.java,model.Size,getXCor/0,false,10,0,2,2,0,1,0,3,1,0,0,0,0,0,0,0,0,0,0,0,0,0,0,0,0,0,4,1,0,false
C:\PROJECTS\Drawing-Figures-using-Design-Patterns-master\Drawing-Figures-using-Design-Patterns-master\src\model\Size.java,model.Size,getWidth/0,false,16,0,2,2,0,1,0,3,1,0,0,0,0,0,0,0,0,0,0,0,0,0,0,0,0,0,3,1,0,false
C:\PROJECTS\Drawing-Figures-using-Design-Patterns-master\Drawing-Figures-using-Design-Patterns-master\src\model\Size.java,model.Size,getYCor/0,false,13,0,2,2,0,1,0,3,1,0,0,0,0,0,0,0,0,0,0,0,0,0,0,0,0,0,4,1,0,false
C:\PROJECTS\Drawing-Figures-using-Design-Patterns-master\Drawing-Figures-using-Design-Patterns-master\src\model\CreateFigureCommand.java,model.CreateFigureCommand,createFigure/1[java.awt.Graphics],false,17,1,3,2,1,1,1,3,0,0,1,1,0,0,0,0,0,0,0,0,0,0,0,0,0,0,4,1,0,false
C:\PROJECTS\Drawing-Figures-using-Design-Patterns-master\Drawing-Figures-using-Design-Patterns-master\src\model\CreateFigureCommand.java,model.CreateFigureCommand,CreateFigureCommand/1[model.Figure],true,10,1,2,2,0,1,0,3,0,0,1,0,0,0,0,0,0,0,0,0,1,0,0,0,0,0,4,1,0,false
C:\PROJECTS\Drawing-Figures-using-Design-Patterns-master\Drawing-Figures-using-Design-Patterns-master\src\controller\FigureController.java,controller.FigureController,mousePressed/1[java.awt.event.MouseEvent],false,60,0,0,0,0,1,0,2,0,0,1,0,0,0,0,0,0,0,0,0,0,0,0,0,0,0,5,1,0,false
C:\PROJECTS\Drawing-Figures-using-Design-Patterns-master\Drawing-Figures-using-Design-Patterns-master\src\controller\FigureController.java,controller.FigureController,mouseEntered/1[java.awt.event.MouseEvent],false,62,0,0,0,0,1,0,2,0,0,1,0,0,0,0,0,0,0,0,0,0,0,0,0,0,0,5,1,0,false
C:\PROJECTS\Drawing-Figures-using-Design-Patterns-master\Drawing-Figures-using-Design-Patterns-master\src\controller\FigureController.java,controller.FigureController,"FigureController/2[gui.FigureFrame,service.FigureService]",true,19,2,1,1,0,1,0,4,0,0,2,0,0,0,0,0,0,0,0,0,2,0,0,0,0,0,5,1,0,false
C:\PROJECTS\Drawing-Figures-using-Design-Patterns-master\Drawing-Figures-using-Design-Patterns-master\src\controller\FigureController.java,controller.FigureController,createFrame/0,false,25,0,2,1,1,1,2,27,0,0,0,2,0,0,0,0,0,0,0,0,0,0,0,4,0,0,10,1,0,false
C:\PROJECTS\Drawing-Figures-using-Design-Patterns-master\Drawing-Figures-using-Design-Patterns-master\src\controller\FigureController.java,controller.FigureController,mouseClicked/1[java.awt.event.MouseEvent],false,55,1,1,0,1,1,1,3,0,0,1,1,0,0,0,0,0,0,0,0,0,0,0,0,0,0,5,1,0,false
C:\PROJECTS\Drawing-Figures-using-Design-Patterns-master\Drawing-Figures-using-Design-Patterns-master\src\controller\FigureController.java,controller.FigureController,mouseExited/1[java.awt.event.MouseEvent],false,63,0,0,0,0,1,0,2,0,0,1,0,0,0,0,0,0,0,0,0,0,0,0,0,0,0,5,1,0,false
C:\PROJECTS\Drawing-Figures-using-Design-Patterns-master\Drawing-Figures-using-Design-Patterns-master\src\controller\FigureController.java,controller.FigureController,mouseReleased/1[java.awt.event.MouseEvent],false,61,0,0,0,0,1,0,2,0,0,1,0,0,0,0,0,0,0,0,0,0,0,0,0,0,0,5,1,0,false
C:\PROJECTS\Drawing-Figures-using-Design-Patterns-master\Drawing-Figures-using-Design-Patterns-master\src\model\Circle.java,model.Circle,Circle/0,true,9,1,2,1,1,1,0,3,0,0,0,0,0,0,0,0,0,0,0,0,1,0,0,0,0,0,2,1,0,false
C:\PROJECTS\Drawing-Figures-using-Design-Patterns-master\Drawing-Figures-using-Design-Patterns-master\src\model\Circle.java,model.Circle,draw/1[java.awt.Graphics],false,15,1,4,0,4,1,5,3,0,0,1,5,0,0,0,0,0,0,0,0,0,0,0,0,0,0,3,1,0,false
C:\PROJECTS\Drawing-Figures-using-Design-Patterns-master\Drawing-Figures-using-Design-Patterns-master\src\model\Circle.java,model.Circle,"setSize/4[int,int,int,int]",false,22,1,1,0,1,1,1,3,0,0,4,1,0,0,0,0,0,0,0,0,0,0,0,0,0,0,3,1,0,false
C:\PROJECTS\Drawing-Figures-using-Design-Patterns-master\Drawing-Figures-using-Design-Patterns-master\src\gui\FigureFrame.java,gui.FigureFrame$DrawingFigurePanel,DrawingFigurePanel/0,true,26,0,1,1,0,1,1,3,0,0,0,1,0,0,0,0,0,0,0,0,0,0,0,0,0,0,5,1,0,false
C:\PROJECTS\Drawing-Figures-using-Design-Patterns-master\Drawing-Figures-using-Design-Patterns-master\src\gui\FigureFrame.java,gui.FigureFrame$DrawingFigurePanel,setCount/1[int],false,37,0,1,1,0,1,0,3,0,0,1,0,0,0,0,0,0,0,0,0,1,0,0,0,0,0,3,1,0,false
C:\PROJECTS\Drawing-Figures-using-Design-Patterns-master\Drawing-Figures-using-Design-Patterns-master\src\gui\FigureFrame.java,gui.FigureFrame$DrawingFigurePanel,paintComponent/1[java.awt.Graphics],false,30,0,0,0,0,2,1,4,0,0,1,1,0,0,0,1,0,0,0,1,0,0,1,0,0,0,5,1,0,false
