file,class,method,variable,usage
C:\PROJECTS\Drawing-Figures-using-Design-Patterns-master\Drawing-Figures-using-Design-Patterns-master\src\controller\FigureController.java,controller.FigureController$Anonymous2,actionPerformed/1[java.awt.event.ActionEvent],e,0
C:\PROJECTS\Drawing-Figures-using-Design-Patterns-master\Drawing-Figures-using-Design-Patterns-master\src\controller\FigureController.java,controller.FigureController$Anonymous1,actionPerformed/1[java.awt.event.ActionEvent],e,0
C:\PROJECTS\Drawing-Figures-using-Design-Patterns-master\Drawing-Figures-using-Design-Patterns-master\src\service\FigureService.java,service.FigureService,undo/1[gui.FigureFrame.DrawingFigurePanel],figure,1
C:\PROJECTS\Drawing-Figures-using-Design-Patterns-master\Drawing-Figures-using-Design-Patterns-master\src\service\FigureService.java,service.FigureService,undo/1[gui.FigureFrame.DrawingFigurePanel],figures,2
C:\PROJECTS\Drawing-Figures-using-Design-Patterns-master\Drawing-Figures-using-Design-Patterns-master\src\service\FigureService.java,service.FigureService,undo/1[gui.FigureFrame.DrawingFigurePanel],fig,1
C:\PROJECTS\Drawing-Figures-using-Design-Patterns-master\Drawing-Figures-using-Design-Patterns-master\src\service\FigureService.java,service.FigureService,undo/1[gui.FigureFrame.DrawingFigurePanel],panel,6
C:\PROJECTS\Drawing-Figures-using-Design-Patterns-master\Drawing-Figures-using-Design-Patterns-master\src\service\FigureService.java,service.FigureService,getIterator/1[java.util.Collection<model.Figure>],collection,1
C:\PROJECTS\Drawing-Figures-using-Design-Patterns-master\Drawing-Figures-using-Design-Patterns-master\src\service\FigureService.java,service.FigureService,redo/1[gui.FigureFrame.DrawingFigurePanel],fig,2
C:\PROJECTS\Drawing-Figures-using-Design-Patterns-master\Drawing-Figures-using-Design-Patterns-master\src\service\FigureService.java,service.FigureService,redo/1[gui.FigureFrame.DrawingFigurePanel],panel,1
C:\PROJECTS\Drawing-Figures-using-Design-Patterns-master\Drawing-Figures-using-Design-Patterns-master\src\service\FigureService.java,service.FigureService,"execute/3[gui.FigureFrame.DrawingFigurePanel,java.awt.event.MouseEvent,boolean]",redoCalled,1
C:\PROJECTS\Drawing-Figures-using-Design-Patterns-master\Drawing-Figures-using-Design-Patterns-master\src\service\FigureService.java,service.FigureService,"execute/3[gui.FigureFrame.DrawingFigurePanel,java.awt.event.MouseEvent,boolean]",e,2
C:\PROJECTS\Drawing-Figures-using-Design-Patterns-master\Drawing-Figures-using-Design-Patterns-master\src\service\FigureService.java,service.FigureService,"execute/3[gui.FigureFrame.DrawingFigurePanel,java.awt.event.MouseEvent,boolean]",panel,3
C:\PROJECTS\Drawing-Figures-using-Design-Patterns-master\Drawing-Figures-using-Design-Patterns-master\src\service\FigureService.java,service.FigureService,setFigure/1[model.Figure],figure,2
C:\PROJECTS\Drawing-Figures-using-Design-Patterns-master\Drawing-Figures-using-Design-Patterns-master\src\controller\FigureController.java,controller.FigureController$Anonymous4,actionPerformed/1[java.awt.event.ActionEvent],e,0
C:\PROJECTS\Drawing-Figures-using-Design-Patterns-master\Drawing-Figures-using-Design-Patterns-master\src\model\CommandInterface.java,model.CommandInterface,createFigure/1[java.awt.Graphics],g,0
C:\PROJECTS\Drawing-Figures-using-Design-Patterns-master\Drawing-Figures-using-Design-Patterns-master\src\controller\FigureController.java,controller.FigureController$Anonymous3,actionPerformed/1[java.awt.event.ActionEvent],e,0
C:\PROJECTS\Drawing-Figures-using-Design-Patterns-master\Drawing-Figures-using-Design-Patterns-master\src\gui\MainAppToRun.java,gui.MainAppToRun,main/1[java.lang.String[]],args,0
C:\PROJECTS\Drawing-Figures-using-Design-Patterns-master\Drawing-Figures-using-Design-Patterns-master\src\gui\MainAppToRun.java,gui.MainAppToRun,main/1[java.lang.String[]],figFrame,1
C:\PROJECTS\Drawing-Figures-using-Design-Patterns-master\Drawing-Figures-using-Design-Patterns-master\src\gui\MainAppToRun.java,gui.MainAppToRun,main/1[java.lang.String[]],controller,1
C:\PROJECTS\Drawing-Figures-using-Design-Patterns-master\Drawing-Figures-using-Design-Patterns-master\src\gui\MainAppToRun.java,gui.MainAppToRun,main/1[java.lang.String[]],service,1
C:\PROJECTS\Drawing-Figures-using-Design-Patterns-master\Drawing-Figures-using-Design-Patterns-master\src\model\Figure.java,model.Figure,"setSize/4[int,int,int,int]",yCor,0
C:\PROJECTS\Drawing-Figures-using-Design-Patterns-master\Drawing-Figures-using-Design-Patterns-master\src\model\Figure.java,model.Figure,"setSize/4[int,int,int,int]",width,0
C:\PROJECTS\Drawing-Figures-using-Design-Patterns-master\Drawing-Figures-using-Design-Patterns-master\src\model\Figure.java,model.Figure,"setSize/4[int,int,int,int]",xCor,0
C:\PROJECTS\Drawing-Figures-using-Design-Patterns-master\Drawing-Figures-using-Design-Patterns-master\src\model\Figure.java,model.Figure,"setSize/4[int,int,int,int]",height,0
C:\PROJECTS\Drawing-Figures-using-Design-Patterns-master\Drawing-Figures-using-Design-Patterns-master\src\model\Figure.java,model.Figure,draw/1[java.awt.Graphics],g,0
C:\PROJECTS\Drawing-Figures-using-Design-Patterns-master\Drawing-Figures-using-Design-Patterns-master\src\gui\FigureFrame.java,gui.FigureFrame,FigureFrame/0,f,9
C:\PROJECTS\Drawing-Figures-using-Design-Patterns-master\Drawing-Figures-using-Design-Patterns-master\src\model\Box.java,model.Box,draw/1[java.awt.Graphics],g,1
C:\PROJECTS\Drawing-Figures-using-Design-Patterns-master\Drawing-Figures-using-Design-Patterns-master\src\model\Box.java,model.Box,"setSize/4[int,int,int,int]",yCor,1
C:\PROJECTS\Drawing-Figures-using-Design-Patterns-master\Drawing-Figures-using-Design-Patterns-master\src\model\Box.java,model.Box,"setSize/4[int,int,int,int]",width,1
C:\PROJECTS\Drawing-Figures-using-Design-Patterns-master\Drawing-Figures-using-Design-Patterns-master\src\model\Box.java,model.Box,"setSize/4[int,int,int,int]",xCor,1
C:\PROJECTS\Drawing-Figures-using-Design-Patterns-master\Drawing-Figures-using-Design-Patterns-master\src\model\Box.java,model.Box,"setSize/4[int,int,int,int]",height,1
C:\PROJECTS\Drawing-Figures-using-Design-Patterns-master\Drawing-Figures-using-Design-Patterns-master\src\model\Size.java,model.Size,"setSize/4[int,int,int,int]",yCor,2
C:\PROJECTS\Drawing-Figures-using-Design-Patterns-master\Drawing-Figures-using-Design-Patterns-master\src\model\Size.java,model.Size,"setSize/4[int,int,int,int]",width,2
C:\PROJECTS\Drawing-Figures-using-Design-Patterns-master\Drawing-Figures-using-Design-Patterns-master\src\model\Size.java,model.Size,"setSize/4[int,int,int,int]",xCor,2
C:\PROJECTS\Drawing-Figures-using-Design-Patterns-master\Drawing-Figures-using-Design-Patterns-master\src\model\Size.java,model.Size,"setSize/4[int,int,int,int]",height,2
C:\PROJECTS\Drawing-Figures-using-Design-Patterns-master\Drawing-Figures-using-Design-Patterns-master\src\model\CreateFigureCommand.java,model.CreateFigureCommand,createFigure/1[java.awt.Graphics],g,1
C:\PROJECTS\Drawing-Figures-using-Design-Patterns-master\Drawing-Figures-using-Design-Patterns-master\src\model\CreateFigureCommand.java,model.CreateFigureCommand,CreateFigureCommand/1[model.Figure],figure,2
C:\PROJECTS\Drawing-Figures-using-Design-Patterns-master\Drawing-Figures-using-Design-Patterns-master\src\controller\FigureController.java,controller.FigureController,mousePressed/1[java.awt.event.MouseEvent],e,0
C:\PROJECTS\Drawing-Figures-using-Design-Patterns-master\Drawing-Figures-using-Design-Patterns-master\src\controller\FigureController.java,controller.FigureController,mouseEntered/1[java.awt.event.MouseEvent],e,0
C:\PROJECTS\Drawing-Figures-using-Design-Patterns-master\Drawing-Figures-using-Design-Patterns-master\src\controller\FigureController.java,controller.FigureController,"FigureController/2[gui.FigureFrame,service.FigureService]",figFrame,2
C:\PROJECTS\Drawing-Figures-using-Design-Patterns-master\Drawing-Figures-using-Design-Patterns-master\src\controller\FigureController.java,controller.FigureController,"FigureController/2[gui.FigureFrame,service.FigureService]",service,2
C:\PROJECTS\Drawing-Figures-using-Design-Patterns-master\Drawing-Figures-using-Design-Patterns-master\src\controller\FigureController.java,controller.FigureController,mouseClicked/1[java.awt.event.MouseEvent],e,1
C:\PROJECTS\Drawing-Figures-using-Design-Patterns-master\Drawing-Figures-using-Design-Patterns-master\src\controller\FigureController.java,controller.FigureController,mouseExited/1[java.awt.event.MouseEvent],e,0
C:\PROJECTS\Drawing-Figures-using-Design-Patterns-master\Drawing-Figures-using-Design-Patterns-master\src\controller\FigureController.java,controller.FigureController,mouseReleased/1[java.awt.event.MouseEvent],e,0
C:\PROJECTS\Drawing-Figures-using-Design-Patterns-master\Drawing-Figures-using-Design-Patterns-master\src\model\Circle.java,model.Circle,draw/1[java.awt.Graphics],g,1
C:\PROJECTS\Drawing-Figures-using-Design-Patterns-master\Drawing-Figures-using-Design-Patterns-master\src\model\Circle.java,model.Circle,"setSize/4[int,int,int,int]",x,1
C:\PROJECTS\Drawing-Figures-using-Design-Patterns-master\Drawing-Figures-using-Design-Patterns-master\src\model\Circle.java,model.Circle,"setSize/4[int,int,int,int]",width,1
C:\PROJECTS\Drawing-Figures-using-Design-Patterns-master\Drawing-Figures-using-Design-Patterns-master\src\model\Circle.java,model.Circle,"setSize/4[int,int,int,int]",y,1
C:\PROJECTS\Drawing-Figures-using-Design-Patterns-master\Drawing-Figures-using-Design-Patterns-master\src\model\Circle.java,model.Circle,"setSize/4[int,int,int,int]",height,1
C:\PROJECTS\Drawing-Figures-using-Design-Patterns-master\Drawing-Figures-using-Design-Patterns-master\src\gui\FigureFrame.java,gui.FigureFrame$DrawingFigurePanel,setCount/1[int],count,2
C:\PROJECTS\Drawing-Figures-using-Design-Patterns-master\Drawing-Figures-using-Design-Patterns-master\src\gui\FigureFrame.java,gui.FigureFrame$DrawingFigurePanel,paintComponent/1[java.awt.Graphics],g,1
